id,source,target,word,weight,topic
K1_1,Discover,Evaluate,signal,112,Awareness
K1_2,Discover,Evaluate,trend,94,Awareness
K1_3,Discover,Evaluate,context,78,Awareness
K1_4,Discover,Evaluate,relevance,64,Awareness
K1_5,Discover,Evaluate,evidence,34,Awareness
K1_6,Discover,Evaluate,credibility,32,Awareness
K1_7,Discover,Evaluate,landscape,32,Awareness
K1_8,Discover,Evaluate,momentum,30,Awareness
K1_9,Discover,Evaluate,curiosity,29,Awareness
K1_10,Discover,Evaluate,pattern,28,Awareness
K1_11,Discover,Evaluate,opportunity,27,Awareness
K1_12,Discover,Evaluate,discovery,25,Awareness
K1_13,Discover,Evaluate,question,25,Awareness
K1_14,Discover,Evaluate,insight,23,Awareness
K1_15,Discover,Evaluate,explore,22,Awareness
K1_16,Discover,Evaluate,observe,21,Awareness
K1_17,Discover,Evaluate,framing,20,Awareness
K1_18,Discover,Evaluate,priority,18,Awareness
K1_19,Discover,Evaluate,source,18,Awareness
K1_20,Discover,Evaluate,benchmark,16,Awareness
K1_21,Discover,Evaluate,emerging,15,Awareness
K1_22,Discover,Evaluate,attention,14,Awareness
K1_23,Discover,Evaluate,scan,13,Awareness
K1_24,Discover,Evaluate,meaning,11,Awareness
K2_1,Discover,Discuss,conversation,112,Community
K2_2,Discover,Discuss,dialogue,94,Community
K2_3,Discover,Discuss,community,78,Community
K2_4,Discover,Discuss,voices,64,Community
K2_5,Discover,Discuss,participation,34,Community
K2_6,Discover,Discuss,network,32,Community
K2_7,Discover,Discuss,feedback,32,Community
K2_8,Discover,Discuss,belonging,30,Community
K2_9,Discover,Discuss,perspective,29,Community
K2_10,Discover,Discuss,exchange,28,Community
K2_11,Discover,Discuss,listen,27,Community
K2_12,Discover,Discuss,connect,25,Community
K2_13,Discover,Discuss,debate,25,Community
K2_14,Discover,Discuss,collective,23,Community
K2_15,Discover,Discuss,public,22,Community
K2_16,Discover,Discuss,peers,21,Community
K2_17,Discover,Discuss,story,20,Community
K2_18,Discover,Discuss,resonance,18,Community
K2_19,Discover,Discuss,inclusion,18,Community
K2_20,Discover,Discuss,engagement,16,Community
K2_21,Discover,Discuss,forum,15,Community
K2_22,Discover,Discuss,discussion,14,Community
K2_23,Discover,Discuss,share,13,Community
K2_24,Discover,Discuss,response,11,Community
K3_1,Evaluate,Adopt,evidence,112,Trust
K3_2,Evaluate,Adopt,quality,94,Trust
K3_3,Evaluate,Adopt,reliable,78,Trust
K3_4,Evaluate,Adopt,proof,64,Trust
K3_5,Evaluate,Adopt,value,34,Trust
K3_6,Evaluate,Adopt,fit,32,Trust
K3_7,Evaluate,Adopt,benefit,32,Trust
K3_8,Evaluate,Adopt,usability,30,Trust
K3_9,Evaluate,Adopt,confidence,29,Trust
K3_10,Evaluate,Adopt,verification,28,Trust
K3_11,Evaluate,Adopt,performance,27,Trust
K3_12,Evaluate,Adopt,outcome,25,Trust
K3_13,Evaluate,Adopt,consistency,25,Trust
K3_14,Evaluate,Adopt,readiness,23,Trust
K3_15,Evaluate,Adopt,trust,22,Trust
K3_16,Evaluate,Adopt,validation,21,Trust
K3_17,Evaluate,Adopt,efficiency,20,Trust
K3_18,Evaluate,Adopt,impact,18,Trust
K3_19,Evaluate,Adopt,practicality,18,Trust
K3_20,Evaluate,Adopt,support,16,Trust
K3_21,Evaluate,Adopt,compatibility,15,Trust
K3_22,Evaluate,Adopt,durability,14,Trust
K3_23,Evaluate,Adopt,recommendation,13,Trust
K3_24,Evaluate,Adopt,assurance,11,Trust
K4_1,Evaluate,Reject,risk,112,Risk
K4_2,Evaluate,Reject,concern,94,Risk
K4_3,Evaluate,Reject,cost,78,Risk
K4_4,Evaluate,Reject,uncertainty,64,Risk
K4_5,Evaluate,Reject,privacy,34,Risk
K4_6,Evaluate,Reject,burden,32,Risk
K4_7,Evaluate,Reject,mismatch,32,Risk
K4_8,Evaluate,Reject,failure,30,Risk
K4_9,Evaluate,Reject,complexity,29,Risk
K4_10,Evaluate,Reject,limitation,28,Risk
K4_11,Evaluate,Reject,doubt,27,Risk
K4_12,Evaluate,Reject,exposure,25,Risk
K4_13,Evaluate,Reject,tradeoff,25,Risk
K4_14,Evaluate,Reject,friction,23,Risk
K4_15,Evaluate,Reject,bias,22,Risk
K4_16,Evaluate,Reject,safety,21,Risk
K4_17,Evaluate,Reject,rejection,20,Risk
K4_18,Evaluate,Reject,barrier,18,Risk
K4_19,Evaluate,Reject,instability,18,Risk
K4_20,Evaluate,Reject,maintenance,16,Risk
K4_21,Evaluate,Reject,compliance,15,Risk
K4_22,Evaluate,Reject,downside,14,Risk
K4_23,Evaluate,Reject,skepticism,13,Risk
K4_24,Evaluate,Reject,caution,11,Risk
K5_1,Discuss,Adopt,recommend,112,Advocacy
K5_2,Discuss,Adopt,endorse,94,Advocacy
K5_3,Discuss,Adopt,champion,78,Advocacy
K5_4,Discuss,Adopt,momentum,64,Advocacy
K5_5,Discuss,Adopt,consensus,34,Advocacy
K5_6,Discuss,Adopt,advocacy,32,Advocacy
K5_7,Discuss,Adopt,influence,32,Advocacy
K5_8,Discuss,Adopt,testimony,30,Advocacy
K5_9,Discuss,Adopt,excitement,29,Advocacy
K5_10,Discuss,Adopt,support,28,Advocacy
K5_11,Discuss,Adopt,action,27,Advocacy
K5_12,Discuss,Adopt,commitment,25,Advocacy
K5_13,Discuss,Adopt,mobilize,25,Advocacy
K5_14,Discuss,Adopt,promote,23,Advocacy
K5_15,Discuss,Adopt,amplify,22,Advocacy
K5_16,Discuss,Adopt,coalition,21,Advocacy
K5_17,Discuss,Adopt,agreement,20,Advocacy
K5_18,Discuss,Adopt,confidence,18,Advocacy
K5_19,Discuss,Adopt,conversion,18,Advocacy
K5_20,Discuss,Adopt,participation,16,Advocacy
K5_21,Discuss,Adopt,leadership,15,Advocacy
K5_22,Discuss,Adopt,uptake,14,Advocacy
K5_23,Discuss,Adopt,approval,13,Advocacy
K5_24,Discuss,Adopt,adoption,11,Advocacy
K6_1,Discuss,Reconsider,question,112,Reflection
K6_2,Discuss,Reconsider,reconsider,94,Reflection
K6_3,Discuss,Reconsider,nuance,78,Reflection
K6_4,Discuss,Reconsider,compare,64,Reflection
K6_5,Discuss,Reconsider,feedback,34,Reflection
K6_6,Discuss,Reconsider,review,32,Reflection
K6_7,Discuss,Reconsider,alternative,32,Reflection
K6_8,Discuss,Reconsider,reflection,30,Reflection
K6_9,Discuss,Reconsider,revision,29,Reflection
K6_10,Discuss,Reconsider,challenge,28,Reflection
K6_11,Discuss,Reconsider,clarification,27,Reflection
K6_12,Discuss,Reconsider,context,25,Reflection
K6_13,Discuss,Reconsider,tradeoff,25,Reflection
K6_14,Discuss,Reconsider,pause,23,Reflection
K6_15,Discuss,Reconsider,debate,22,Reflection
K6_16,Discuss,Reconsider,perspective,21,Reflection
K6_17,Discuss,Reconsider,doubt,20,Reflection
K6_18,Discuss,Reconsider,inquiry,18,Reflection
K6_19,Discuss,Reconsider,reassess,18,Reflection
K6_20,Discuss,Reconsider,adjustment,16,Reflection
K6_21,Discuss,Reconsider,evidence,15,Reflection
K6_22,Discuss,Reconsider,concern,14,Reflection
K6_23,Discuss,Reconsider,deliberate,13,Reflection
K6_24,Discuss,Reconsider,reopen,11,Reflection
K7_1,Reconsider,Adopt,research,112,Evidence
K7_2,Reconsider,Adopt,evidence,94,Evidence
K7_3,Reconsider,Adopt,insight,78,Evidence
K7_4,Reconsider,Adopt,measure,64,Evidence
K7_5,Reconsider,Adopt,result,34,Evidence
K7_6,Reconsider,Adopt,validation,32,Evidence
K7_7,Reconsider,Adopt,learning,32,Evidence
K7_8,Reconsider,Adopt,clarity,30,Evidence
K7_9,Reconsider,Adopt,experiment,29,Evidence
K7_10,Reconsider,Adopt,benchmark,28,Evidence
K7_11,Reconsider,Adopt,finding,27,Evidence
K7_12,Reconsider,Adopt,proof,25,Evidence
K7_13,Reconsider,Adopt,iteration,25,Evidence
K7_14,Reconsider,Adopt,analysis,23,Evidence
K7_15,Reconsider,Adopt,outcome,22,Evidence
K7_16,Reconsider,Adopt,test,21,Evidence
K7_17,Reconsider,Adopt,data,20,Evidence
K7_18,Reconsider,Adopt,confidence,18,Evidence
K7_19,Reconsider,Adopt,update,18,Evidence
K7_20,Reconsider,Adopt,resolution,16,Evidence
K7_21,Reconsider,Adopt,improvement,15,Evidence
K7_22,Reconsider,Adopt,confirmation,14,Evidence
K7_23,Reconsider,Adopt,synthesis,13,Evidence
K7_24,Reconsider,Adopt,decision,11,Evidence
K8_1,Reconsider,Reject,warning,112,Concern
K8_2,Reconsider,Reject,unresolved,94,Concern
K8_3,Reconsider,Reject,risk,78,Concern
K8_4,Reconsider,Reject,caution,64,Concern
K8_5,Reconsider,Reject,objection,34,Concern
K8_6,Reconsider,Reject,harm,32,Concern
K8_7,Reconsider,Reject,uncertainty,32,Concern
K8_8,Reconsider,Reject,cost,30,Concern
K8_9,Reconsider,Reject,conflict,29,Concern
K8_10,Reconsider,Reject,limitation,28,Concern
K8_11,Reconsider,Reject,distrust,27,Concern
K8_12,Reconsider,Reject,failure,25,Concern
K8_13,Reconsider,Reject,barrier,25,Concern
K8_14,Reconsider,Reject,rejection,23,Concern
K8_15,Reconsider,Reject,threat,22,Concern
K8_16,Reconsider,Reject,ambiguity,21,Concern
K8_17,Reconsider,Reject,downside,20,Concern
K8_18,Reconsider,Reject,constraint,18,Concern
K8_19,Reconsider,Reject,vulnerability,18,Concern
K8_20,Reconsider,Reject,skepticism,16,Concern
K8_21,Reconsider,Reject,stop,15,Concern
K8_22,Reconsider,Reject,concern,14,Concern
K8_23,Reconsider,Reject,exit,13,Concern
K8_24,Reconsider,Reject,avoidance,11,Concern
