id,x,y,community,user_type,activity
U0001,-21.651,-37.500,Civic Core,Receiver,18
U0002,-19.919,-37.500,Civic Core,Receiver,35
U0003,-12.990,-37.500,Public Health,Receiver,23
U0004,-11.258,-37.500,Public Health,Receiver,40
U0005,-9.526,-37.500,Public Health,Receiver,28
U0006,-4.330,-37.500,Public Health,Receiver,45
U0007,4.330,-37.500,Public Health,Receiver,33
U0008,6.062,-37.500,Public Health,Receiver,21
U0009,12.990,-37.500,Public Health,Receiver,38
U0010,14.722,-37.500,Public Health,Receiver,26
U0011,16.454,-37.500,Public Health,Receiver,43
U0012,18.187,-37.500,Open Technology,Receiver,31
U0013,19.919,-37.500,Open Technology,Receiver,19
U0014,-22.517,-36.000,Civic Core,Receiver,36
U0015,-20.785,-36.000,Civic Core,Receiver,24
U0016,-19.053,-36.000,Civic Core,Receiver,41
U0017,-17.321,-36.000,Civic Core,Receiver,29
U0018,-15.588,-36.000,Public Health,Receiver,46
U0019,-13.856,-36.000,Public Health,Receiver,34
U0020,-12.124,-36.000,Public Health,Receiver,22
U0021,-10.392,-36.000,Public Health,Receiver,39
U0022,-8.660,-36.000,Public Health,Receiver,27
U0023,-6.928,-36.000,Public Health,Receiver,44
U0024,-5.196,-36.000,Public Health,Receiver,32
U0025,-3.464,-36.000,Public Health,Receiver,20
U0026,3.464,-36.000,Public Health,Receiver,37
U0027,5.196,-36.000,Public Health,Receiver,25
U0028,6.928,-36.000,Public Health,Receiver,42
U0029,8.660,-36.000,Public Health,Receiver,30
U0030,10.392,-36.000,Public Health,Receiver,18
U0031,12.124,-36.000,Public Health,Receiver,35
U0032,15.588,-36.000,Public Health,Receiver,23
U0033,17.321,-36.000,Open Technology,Receiver,40
U0034,19.053,-36.000,Open Technology,Receiver,28
U0035,-21.651,-34.500,Civic Core,Receiver,45
U0036,-19.919,-34.500,Civic Core,Receiver,33
U0037,-18.187,-34.500,Civic Core,Receiver,21
U0038,-16.454,-34.500,Civic Core,Receiver,38
U0039,-14.722,-34.500,Public Health,Receiver,26
U0040,-12.990,-34.500,Public Health,Receiver,43
U0041,-11.258,-34.500,Public Health,Receiver,31
U0042,-9.526,-34.500,Public Health,Receiver,19
U0043,-7.794,-34.500,Public Health,Receiver,36
U0044,-6.062,-34.500,Public Health,Receiver,24
U0045,-4.330,-34.500,Public Health,Receiver,41
U0046,-2.598,-34.500,Public Health,Receiver,29
U0047,-0.866,-34.500,Public Health,Receiver,46
U0048,0.866,-34.500,Public Health,Receiver,34
U0049,2.598,-34.500,Public Health,Receiver,22
U0050,4.330,-34.500,Public Health,Receiver,39
U0051,6.062,-34.500,Public Health,Receiver,27
U0052,7.794,-34.500,Public Health,Receiver,44
U0053,9.526,-34.500,Public Health,Receiver,32
U0054,11.258,-34.500,Public Health,Receiver,20
U0055,12.990,-34.500,Public Health,Receiver,37
U0056,14.722,-34.500,Public Health,Receiver,25
U0057,16.454,-34.500,Open Technology,Receiver,42
U0058,18.187,-34.500,Open Technology,Receiver,30
U0059,19.919,-34.500,Open Technology,Receiver,18
U0060,21.651,-34.500,Open Technology,Receiver,35
U0061,25.115,-34.500,Open Technology,Receiver,23
U0062,-25.981,-33.000,Civic Core,Receiver,40
U0063,-22.517,-33.000,Civic Core,Receiver,28
U0064,-20.785,-33.000,Civic Core,Receiver,45
U0065,-19.053,-33.000,Civic Core,Receiver,33
U0066,-17.321,-33.000,Civic Core,Receiver,21
U0067,-15.588,-33.000,Public Health,Receiver,38
U0068,-13.856,-33.000,Public Health,Receiver,26
U0069,-12.124,-33.000,Public Health,Receiver,43
U0070,-10.392,-33.000,Public Health,Receiver,31
U0071,-8.660,-33.000,Public Health,Receiver,19
U0072,-6.928,-33.000,Public Health,Receiver,36
U0073,-5.196,-33.000,Public Health,Receiver,24
U0074,-3.464,-33.000,Public Health,Receiver,41
U0075,-1.732,-33.000,Public Health,Receiver,29
U0076,0.000,-33.000,Public Health,Receiver,46
U0077,1.732,-33.000,Public Health,Receiver,34
U0078,3.464,-33.000,Public Health,Receiver,22
U0079,5.196,-33.000,Public Health,Receiver,39
U0080,6.928,-33.000,Public Health,Receiver,27
U0081,8.660,-33.000,Public Health,Receiver,44
U0082,10.392,-33.000,Public Health,Receiver,32
U0083,12.124,-33.000,Public Health,Receiver,20
U0084,13.856,-33.000,Public Health,Receiver,37
U0085,15.588,-33.000,Open Technology,Receiver,25
U0086,17.321,-33.000,Open Technology,Receiver,42
U0087,19.053,-33.000,Open Technology,Receiver,30
U0088,20.785,-33.000,Open Technology,Receiver,18
U0089,22.517,-33.000,Open Technology,Receiver,35
U0090,24.249,-33.000,Open Technology,Receiver,23
U0091,-25.115,-31.500,Civic Core,Receiver,40
U0092,-23.383,-31.500,Civic Core,Receiver,28
U0093,-21.651,-31.500,Civic Core,Receiver,45
U0094,-19.919,-31.500,Civic Core,Receiver,33
U0095,-18.187,-31.500,Civic Core,Receiver,21
U0096,-16.454,-31.500,Civic Core,Receiver,38
U0097,-14.722,-31.500,Public Health,Receiver,26
U0098,-12.990,-31.500,Public Health,Receiver,43
U0099,-11.258,-31.500,Public Health,Receiver,31
U0100,-9.526,-31.500,Public Health,Receiver,19
U0101,-7.794,-31.500,Public Health,Receiver,36
U0102,-6.062,-31.500,Public Health,Receiver,24
U0103,-4.330,-31.500,Public Health,Receiver,41
U0104,-2.598,-31.500,Public Health,Receiver,29
U0105,-0.866,-31.500,Public Health,Receiver,46
U0106,0.866,-31.500,Public Health,Receiver,34
U0107,2.598,-31.500,Public Health,Receiver,22
U0108,4.330,-31.500,Public Health,Receiver,39
U0109,6.062,-31.500,Public Health,Receiver,27
U0110,7.794,-31.500,Public Health,Receiver,44
U0111,9.526,-31.500,Public Health,Receiver,32
U0112,11.258,-31.500,Public Health,Receiver,20
U0113,12.990,-31.500,Public Health,Receiver,37
U0114,14.722,-31.500,Public Health,Receiver,25
U0115,16.454,-31.500,Open Technology,Receiver,42
U0116,18.187,-31.500,Open Technology,Receiver,30
U0117,19.919,-31.500,Open Technology,Receiver,18
U0118,21.651,-31.500,Open Technology,Receiver,35
U0119,23.383,-31.500,Open Technology,Receiver,23
U0120,-25.981,-30.000,Civic Core,Receiver,40
U0121,-24.249,-30.000,Civic Core,Receiver,28
U0122,-22.517,-30.000,Civic Core,Receiver,45
U0123,-20.785,-30.000,Civic Core,Receiver,33
U0124,-19.053,-30.000,Civic Core,Receiver,21
U0125,-17.321,-30.000,Civic Core,Receiver,38
U0126,-15.588,-30.000,Civic Core,Receiver,26
U0127,-13.856,-30.000,Public Health,Receiver,43
U0128,-12.124,-30.000,Public Health,Receiver,31
U0129,-10.392,-30.000,Public Health,Receiver,19
U0130,-8.660,-30.000,Public Health,Receiver,36
U0131,-6.928,-30.000,Public Health,Receiver,24
U0132,-5.196,-30.000,Public Health,Receiver,41
U0133,-3.464,-30.000,Public Health,Receiver,29
U0134,-1.732,-30.000,Public Health,Receiver,46
U0135,0.000,-30.000,Public Health,Receiver,34
U0136,1.732,-30.000,Public Health,Receiver,22
U0137,3.464,-30.000,Public Health,Receiver,39
U0138,5.196,-30.000,Public Health,Receiver,27
U0139,6.928,-30.000,Public Health,Receiver,44
U0140,8.660,-30.000,Public Health,Receiver,32
U0141,10.392,-30.000,Public Health,Receiver,20
U0142,12.124,-30.000,Public Health,Receiver,37
U0143,13.856,-30.000,Public Health,Receiver,25
U0144,15.588,-30.000,Open Technology,Receiver,42
U0145,17.321,-30.000,Open Technology,Receiver,30
U0146,19.053,-30.000,Open Technology,Receiver,18
U0147,20.785,-30.000,Open Technology,Receiver,35
U0148,22.517,-30.000,Open Technology,Receiver,23
U0149,24.249,-30.000,Open Technology,Receiver,40
U0150,-25.115,-28.500,Civic Core,Receiver,28
U0151,-23.383,-28.500,Civic Core,Receiver,45
U0152,-21.651,-28.500,Civic Core,Receiver,33
U0153,-19.919,-28.500,Civic Core,Receiver,21
U0154,-18.187,-28.500,Civic Core,Receiver,38
U0155,-16.454,-28.500,Civic Core,Receiver,26
U0156,-14.722,-28.500,Public Health,Receiver,43
U0157,-12.990,-28.500,Public Health,Receiver,31
U0158,-11.258,-28.500,Public Health,Receiver,19
U0159,-9.526,-28.500,Public Health,Receiver,36
U0160,-7.794,-28.500,Public Health,Receiver,24
U0161,-6.062,-28.500,Public Health,Receiver,41
U0162,-4.330,-28.500,Public Health,Receiver,29
U0163,-2.598,-28.500,Public Health,Receiver,46
U0164,-0.866,-28.500,Public Health,Receiver,34
U0165,0.866,-28.500,Public Health,Receiver,22
U0166,2.598,-28.500,Public Health,Receiver,39
U0167,4.330,-28.500,Public Health,Receiver,27
U0168,6.062,-28.500,Public Health,Receiver,44
U0169,7.794,-28.500,Public Health,Receiver,32
U0170,9.526,-28.500,Public Health,Receiver,20
U0171,11.258,-28.500,Public Health,Receiver,37
U0172,12.990,-28.500,Public Health,Receiver,25
U0173,14.722,-28.500,Public Health,Receiver,42
U0174,16.454,-28.500,Open Technology,Receiver,30
U0175,18.187,-28.500,Open Technology,Receiver,18
U0176,19.919,-28.500,Open Technology,Receiver,35
U0177,21.651,-28.500,Open Technology,Receiver,23
U0178,23.383,-28.500,Open Technology,Receiver,40
U0179,25.115,-28.500,Open Technology,Receiver,28
U0180,26.847,-28.500,Open Technology,Receiver,45
U0181,28.579,-28.500,Open Technology,Receiver,33
U0182,-27.713,-27.000,Civic Core,Receiver,21
U0183,-25.981,-27.000,Civic Core,Receiver,38
U0184,-24.249,-27.000,Civic Core,Receiver,26
U0185,-22.517,-27.000,Civic Core,Receiver,43
U0186,-20.785,-27.000,Civic Core,Receiver,31
U0187,-19.053,-27.000,Civic Core,Receiver,19
U0188,-17.321,-27.000,Civic Core,Receiver,36
U0189,-15.588,-27.000,Civic Core,Receiver,24
U0190,-13.856,-27.000,Public Health,Receiver,41
U0191,-12.124,-27.000,Public Health,Receiver,29
U0192,-10.392,-27.000,Public Health,Receiver,46
U0193,-8.660,-27.000,Public Health,Receiver,34
U0194,-6.928,-27.000,Public Health,Receiver,22
U0195,-5.196,-27.000,Public Health,Receiver,39
U0196,-3.464,-27.000,Public Health,Receiver,27
U0197,-1.732,-27.000,Public Health,Retweeter,82
U0198,0.000,-27.000,Public Health,Retweeter,70
U0199,1.732,-27.000,Public Health,Retweeter,58
U0200,3.464,-27.000,Public Health,Receiver,37
U0201,5.196,-27.000,Public Health,Receiver,25
U0202,6.928,-27.000,Public Health,Receiver,42
U0203,8.660,-27.000,Public Health,Receiver,30
U0204,10.392,-27.000,Public Health,Receiver,18
U0205,12.124,-27.000,Public Health,Receiver,35
U0206,13.856,-27.000,Public Health,Receiver,23
U0207,15.588,-27.000,Open Technology,Receiver,40
U0208,17.321,-27.000,Open Technology,Receiver,28
U0209,19.053,-27.000,Open Technology,Receiver,45
U0210,20.785,-27.000,Open Technology,Receiver,33
U0211,22.517,-27.000,Open Technology,Receiver,21
U0212,24.249,-27.000,Open Technology,Receiver,38
U0213,25.981,-27.000,Open Technology,Receiver,26
U0214,27.713,-27.000,Open Technology,Receiver,43
U0215,-28.579,-25.500,Civic Core,Receiver,31
U0216,-26.847,-25.500,Civic Core,Receiver,19
U0217,-25.115,-25.500,Civic Core,Receiver,36
U0218,-23.383,-25.500,Civic Core,Receiver,24
U0219,-21.651,-25.500,Civic Core,Receiver,41
U0220,-19.919,-25.500,Civic Core,Receiver,29
U0221,-18.187,-25.500,Civic Core,Receiver,46
U0222,-16.454,-25.500,Civic Core,Receiver,34
U0223,-14.722,-25.500,Public Health,Receiver,22
U0224,-12.990,-25.500,Public Health,Receiver,39
U0225,-11.258,-25.500,Public Health,Receiver,27
U0226,-9.526,-25.500,Public Health,Receiver,44
U0227,-7.794,-25.500,Public Health,Receiver,32
U0228,-6.062,-25.500,Public Health,Receiver,20
U0229,-4.330,-25.500,Public Health,Receiver,37
U0230,-2.598,-25.500,Public Health,Retweeter,63
U0231,-0.866,-25.500,Public Health,Retweeter,80
U0232,0.866,-25.500,Public Health,Retweeter,68
U0233,2.598,-25.500,Public Health,Retweeter,56
U0234,4.330,-25.500,Public Health,Receiver,35
U0235,6.062,-25.500,Public Health,Receiver,23
U0236,7.794,-25.500,Public Health,Receiver,40
U0237,9.526,-25.500,Public Health,Receiver,28
U0238,11.258,-25.500,Public Health,Receiver,45
U0239,12.990,-25.500,Public Health,Receiver,33
U0240,14.722,-25.500,Open Technology,Receiver,21
U0241,16.454,-25.500,Open Technology,Receiver,38
U0242,18.187,-25.500,Open Technology,Receiver,26
U0243,19.919,-25.500,Open Technology,Receiver,43
U0244,21.651,-25.500,Open Technology,Receiver,31
U0245,23.383,-25.500,Open Technology,Receiver,19
U0246,25.115,-25.500,Open Technology,Receiver,36
U0247,28.579,-25.500,Open Technology,Receiver,24
U0248,-29.445,-24.000,Civic Core,Receiver,41
U0249,-27.713,-24.000,Civic Core,Receiver,29
U0250,-25.981,-24.000,Civic Core,Receiver,46
U0251,-24.249,-24.000,Civic Core,Receiver,34
U0252,-22.517,-24.000,Civic Core,Receiver,22
U0253,-20.785,-24.000,Civic Core,Receiver,39
U0254,-19.053,-24.000,Civic Core,Receiver,27
U0255,-17.321,-24.000,Civic Core,Receiver,44
U0256,-15.588,-24.000,Civic Core,Receiver,32
U0257,-13.856,-24.000,Public Health,Receiver,20
U0258,-12.124,-24.000,Public Health,Receiver,37
U0259,-10.392,-24.000,Public Health,Receiver,25
U0260,-8.660,-24.000,Public Health,Receiver,42
U0261,-6.928,-24.000,Public Health,Receiver,30
U0262,-5.196,-24.000,Public Health,Receiver,18
U0263,-3.464,-24.000,Public Health,Retweeter,73
U0264,-1.732,-24.000,Public Health,Retweeter,61
U0265,0.000,-24.000,Public Health,Opinion leader,112
U0266,1.732,-24.000,Public Health,Retweeter,66
U0267,3.464,-24.000,Public Health,Retweeter,83
U0268,5.196,-24.000,Public Health,Receiver,33
U0269,6.928,-24.000,Public Health,Receiver,21
U0270,8.660,-24.000,Public Health,Receiver,38
U0271,10.392,-24.000,Public Health,Receiver,26
U0272,12.124,-24.000,Public Health,Receiver,43
U0273,13.856,-24.000,Public Health,Receiver,31
U0274,15.588,-24.000,Open Technology,Receiver,19
U0275,17.321,-24.000,Open Technology,Receiver,36
U0276,19.053,-24.000,Open Technology,Receiver,24
U0277,20.785,-24.000,Open Technology,Receiver,41
U0278,22.517,-24.000,Open Technology,Receiver,29
U0279,24.249,-24.000,Open Technology,Receiver,46
U0280,25.981,-24.000,Open Technology,Receiver,34
U0281,29.445,-24.000,Open Technology,Receiver,22
U0282,-28.579,-22.500,Civic Core,Receiver,39
U0283,-26.847,-22.500,Civic Core,Receiver,27
U0284,-25.115,-22.500,Civic Core,Receiver,44
U0285,-23.383,-22.500,Civic Core,Receiver,32
U0286,-21.651,-22.500,Civic Core,Receiver,20
U0287,-19.919,-22.500,Civic Core,Receiver,37
U0288,-18.187,-22.500,Civic Core,Receiver,25
U0289,-16.454,-22.500,Civic Core,Receiver,42
U0290,-14.722,-22.500,Civic Core,Receiver,30
U0291,-12.990,-22.500,Public Health,Receiver,18
U0292,-11.258,-22.500,Public Health,Receiver,35
U0293,-9.526,-22.500,Public Health,Receiver,23
U0294,-7.794,-22.500,Public Health,Receiver,40
U0295,-6.062,-22.500,Public Health,Receiver,28
U0296,-4.330,-22.500,Public Health,Receiver,45
U0297,-2.598,-22.500,Public Health,Retweeter,71
U0298,-0.866,-22.500,Public Health,Retweeter,59
U0299,0.866,-22.500,Public Health,Retweeter,76
U0300,2.598,-22.500,Public Health,Retweeter,64
U0301,4.330,-22.500,Public Health,Receiver,43
U0302,6.062,-22.500,Public Health,Receiver,31
U0303,7.794,-22.500,Public Health,Receiver,19
U0304,9.526,-22.500,Public Health,Receiver,36
U0305,11.258,-22.500,Public Health,Receiver,24
U0306,12.990,-22.500,Public Health,Receiver,41
U0307,14.722,-22.500,Open Technology,Receiver,29
U0308,16.454,-22.500,Open Technology,Receiver,46
U0309,18.187,-22.500,Open Technology,Receiver,34
U0310,19.919,-22.500,Open Technology,Receiver,22
U0311,21.651,-22.500,Open Technology,Receiver,39
U0312,23.383,-22.500,Open Technology,Receiver,27
U0313,25.115,-22.500,Open Technology,Receiver,44
U0314,26.847,-22.500,Open Technology,Receiver,32
U0315,28.579,-22.500,Open Technology,Receiver,20
U0316,30.311,-22.500,Open Technology,Receiver,37
U0317,-31.177,-21.000,Civic Core,Receiver,25
U0318,-29.445,-21.000,Civic Core,Receiver,42
U0319,-27.713,-21.000,Civic Core,Receiver,30
U0320,-25.981,-21.000,Civic Core,Retweeter,56
U0321,-24.249,-21.000,Civic Core,Retweeter,73
U0322,-22.517,-21.000,Civic Core,Receiver,23
U0323,-20.785,-21.000,Civic Core,Receiver,40
U0324,-19.053,-21.000,Civic Core,Receiver,28
U0325,-17.321,-21.000,Civic Core,Receiver,45
U0326,-15.588,-21.000,Civic Core,Receiver,33
U0327,-13.856,-21.000,Public Health,Receiver,21
U0328,-12.124,-21.000,Public Health,Receiver,38
U0329,-10.392,-21.000,Public Health,Receiver,26
U0330,-8.660,-21.000,Public Health,Receiver,43
U0331,-6.928,-21.000,Public Health,Receiver,31
U0332,-5.196,-21.000,Public Health,Receiver,19
U0333,-3.464,-21.000,Public Health,Receiver,36
U0334,-1.732,-21.000,Public Health,Receiver,24
U0335,0.000,-21.000,Public Health,Retweeter,79
U0336,1.732,-21.000,Public Health,Receiver,29
U0337,3.464,-21.000,Public Health,Receiver,46
U0338,5.196,-21.000,Public Health,Receiver,34
U0339,6.928,-21.000,Public Health,Receiver,22
U0340,8.660,-21.000,Public Health,Receiver,39
U0341,10.392,-21.000,Public Health,Receiver,27
U0342,12.124,-21.000,Public Health,Receiver,44
U0343,13.856,-21.000,Open Technology,Receiver,32
U0344,15.588,-21.000,Open Technology,Receiver,20
U0345,17.321,-21.000,Open Technology,Receiver,37
U0346,19.053,-21.000,Open Technology,Receiver,25
U0347,20.785,-21.000,Open Technology,Receiver,42
U0348,22.517,-21.000,Open Technology,Receiver,30
U0349,24.249,-21.000,Open Technology,Receiver,18
U0350,25.981,-21.000,Open Technology,Receiver,35
U0351,27.713,-21.000,Open Technology,Receiver,23
U0352,29.445,-21.000,Open Technology,Receiver,40
U0353,-33.775,-19.500,Civic Core,Receiver,28
U0354,-30.311,-19.500,Civic Core,Receiver,45
U0355,-28.579,-19.500,Civic Core,Receiver,33
U0356,-26.847,-19.500,Civic Core,Retweeter,59
U0357,-25.115,-19.500,Civic Core,Retweeter,76
U0358,-23.383,-19.500,Civic Core,Retweeter,64
U0359,-21.651,-19.500,Civic Core,Retweeter,81
U0360,-19.919,-19.500,Civic Core,Receiver,31
U0361,-18.187,-19.500,Civic Core,Receiver,19
U0362,-16.454,-19.500,Civic Core,Receiver,36
U0363,-14.722,-19.500,Civic Core,Receiver,24
U0364,-12.990,-19.500,Public Health,Receiver,41
U0365,-11.258,-19.500,Public Health,Receiver,29
U0366,-9.526,-19.500,Public Health,Receiver,46
U0367,-7.794,-19.500,Public Health,Receiver,34
U0368,-6.062,-19.500,Public Health,Receiver,22
U0369,-4.330,-19.500,Public Health,Receiver,39
U0370,-2.598,-19.500,Public Health,Receiver,27
U0371,-0.866,-19.500,Public Health,Receiver,44
U0372,0.866,-19.500,Public Health,Receiver,32
U0373,2.598,-19.500,Public Health,Receiver,20
U0374,4.330,-19.500,Public Health,Receiver,37
U0375,6.062,-19.500,Public Health,Receiver,25
U0376,7.794,-19.500,Public Health,Receiver,42
U0377,9.526,-19.500,Public Health,Receiver,30
U0378,11.258,-19.500,Public Health,Receiver,18
U0379,12.990,-19.500,Public Health,Receiver,35
U0380,14.722,-19.500,Open Technology,Receiver,23
U0381,16.454,-19.500,Open Technology,Receiver,40
U0382,18.187,-19.500,Open Technology,Receiver,28
U0383,19.919,-19.500,Open Technology,Receiver,45
U0384,21.651,-19.500,Open Technology,Receiver,33
U0385,23.383,-19.500,Open Technology,Retweeter,59
U0386,25.115,-19.500,Open Technology,Retweeter,76
U0387,26.847,-19.500,Open Technology,Retweeter,64
U0388,28.579,-19.500,Open Technology,Receiver,43
U0389,32.043,-19.500,Open Technology,Receiver,31
U0390,-34.641,-18.000,Civic Core,Receiver,19
U0391,-31.177,-18.000,Civic Core,Receiver,36
U0392,-29.445,-18.000,Civic Core,Receiver,24
U0393,-27.713,-18.000,Civic Core,Retweeter,79
U0394,-25.981,-18.000,Civic Core,Retweeter,67
U0395,-24.249,-18.000,Civic Core,Opinion leader,118
U0396,-22.517,-18.000,Civic Core,Retweeter,72
U0397,-20.785,-18.000,Civic Core,Retweeter,60
U0398,-19.053,-18.000,Civic Core,Receiver,39
U0399,-17.321,-18.000,Civic Core,Receiver,27
U0400,-15.588,-18.000,Civic Core,Receiver,44
U0401,-13.856,-18.000,Civic Core,Receiver,32
U0402,-12.124,-18.000,Public Health,Receiver,20
U0403,-10.392,-18.000,Public Health,Receiver,37
U0404,-8.660,-18.000,Public Health,Receiver,25
U0405,-6.928,-18.000,Public Health,Receiver,42
U0406,-5.196,-18.000,Public Health,Receiver,30
U0407,-3.464,-18.000,Public Health,Receiver,18
U0408,-1.732,-18.000,Public Health,Receiver,35
U0409,0.000,-18.000,Public Health,Receiver,23
U0410,1.732,-18.000,Public Health,Receiver,40
U0411,3.464,-18.000,Public Health,Receiver,28
U0412,5.196,-18.000,Public Health,Receiver,45
U0413,6.928,-18.000,Public Health,Receiver,33
U0414,8.660,-18.000,Public Health,Receiver,21
U0415,10.392,-18.000,Public Health,Receiver,38
U0416,12.124,-18.000,Public Health,Receiver,26
U0417,13.856,-18.000,Open Technology,Receiver,43
U0418,15.588,-18.000,Open Technology,Receiver,31
U0419,17.321,-18.000,Open Technology,Receiver,19
U0420,19.053,-18.000,Open Technology,Receiver,36
U0421,20.785,-18.000,Open Technology,Receiver,24
U0422,22.517,-18.000,Open Technology,Retweeter,79
U0423,24.249,-18.000,Open Technology,Retweeter,67
U0424,25.981,-18.000,Open Technology,Retweeter,84
U0425,27.713,-18.000,Open Technology,Retweeter,72
U0426,29.445,-18.000,Open Technology,Receiver,22
U0427,31.177,-18.000,Open Technology,Receiver,39
U0428,-35.507,-16.500,Civic Core,Receiver,27
U0429,-33.775,-16.500,Civic Core,Receiver,44
U0430,-32.043,-16.500,Civic Core,Receiver,32
U0431,-30.311,-16.500,Civic Core,Receiver,20
U0432,-28.579,-16.500,Civic Core,Receiver,37
U0433,-26.847,-16.500,Civic Core,Retweeter,63
U0434,-25.115,-16.500,Civic Core,Retweeter,80
U0435,-23.383,-16.500,Civic Core,Retweeter,68
U0436,-21.651,-16.500,Civic Core,Retweeter,56
U0437,-19.919,-16.500,Civic Core,Receiver,35
U0438,-18.187,-16.500,Civic Core,Receiver,23
U0439,-16.454,-16.500,Civic Core,Receiver,40
U0440,-14.722,-16.500,Civic Core,Receiver,28
U0441,-12.990,-16.500,Public Health,Receiver,45
U0442,-11.258,-16.500,Public Health,Receiver,33
U0443,-9.526,-16.500,Public Health,Receiver,21
U0444,-7.794,-16.500,Public Health,Receiver,38
U0445,-6.062,-16.500,Public Health,Receiver,26
U0446,-4.330,-16.500,Public Health,Receiver,43
U0447,-2.598,-16.500,Public Health,Receiver,31
U0448,-0.866,-16.500,Public Health,Receiver,19
U0449,0.866,-16.500,Public Health,Receiver,36
U0450,2.598,-16.500,Public Health,Receiver,24
U0451,4.330,-16.500,Public Health,Receiver,41
U0452,6.062,-16.500,Public Health,Receiver,29
U0453,7.794,-16.500,Public Health,Receiver,46
U0454,9.526,-16.500,Public Health,Receiver,34
U0455,11.258,-16.500,Public Health,Receiver,22
U0456,12.990,-16.500,Open Technology,Receiver,39
U0457,14.722,-16.500,Open Technology,Receiver,27
U0458,16.454,-16.500,Open Technology,Receiver,44
U0459,18.187,-16.500,Open Technology,Receiver,32
U0460,19.919,-16.500,Open Technology,Receiver,20
U0461,21.651,-16.500,Open Technology,Retweeter,75
U0462,23.383,-16.500,Open Technology,Retweeter,63
U0463,25.115,-16.500,Open Technology,Opinion leader,114
U0464,26.847,-16.500,Open Technology,Retweeter,68
U0465,28.579,-16.500,Open Technology,Retweeter,56
U0466,30.311,-16.500,Open Technology,Receiver,35
U0467,32.043,-16.500,Open Technology,Receiver,23
U0468,-32.909,-15.000,Civic Core,Receiver,40
U0469,-31.177,-15.000,Civic Core,Receiver,28
U0470,-29.445,-15.000,Civic Core,Receiver,45
U0471,-27.713,-15.000,Civic Core,Receiver,33
U0472,-25.981,-15.000,Civic Core,Retweeter,59
U0473,-24.249,-15.000,Civic Core,Retweeter,76
U0474,-22.517,-15.000,Civic Core,Receiver,26
U0475,-20.785,-15.000,Civic Core,Receiver,43
U0476,-19.053,-15.000,Civic Core,Receiver,31
U0477,-17.321,-15.000,Civic Core,Receiver,19
U0478,-15.588,-15.000,Civic Core,Receiver,36
U0479,-13.856,-15.000,Civic Core,Receiver,24
U0480,-12.124,-15.000,Public Health,Receiver,41
U0481,-10.392,-15.000,Public Health,Receiver,29
U0482,-8.660,-15.000,Public Health,Receiver,46
U0483,-6.928,-15.000,Public Health,Receiver,34
U0484,-5.196,-15.000,Public Health,Receiver,22
U0485,-3.464,-15.000,Public Health,Receiver,39
U0486,-1.732,-15.000,Public Health,Receiver,27
U0487,0.000,-15.000,Public Health,Receiver,44
U0488,1.732,-15.000,Public Health,Receiver,32
U0489,3.464,-15.000,Public Health,Receiver,20
U0490,5.196,-15.000,Public Health,Receiver,37
U0491,6.928,-15.000,Public Health,Receiver,25
U0492,8.660,-15.000,Public Health,Receiver,42
U0493,10.392,-15.000,Public Health,Receiver,30
U0494,12.124,-15.000,Creative Commons,Receiver,18
U0495,13.856,-15.000,Open Technology,Receiver,35
U0496,15.588,-15.000,Open Technology,Receiver,23
U0497,17.321,-15.000,Open Technology,Receiver,40
U0498,19.053,-15.000,Open Technology,Receiver,28
U0499,20.785,-15.000,Open Technology,Receiver,45
U0500,22.517,-15.000,Open Technology,Retweeter,71
U0501,24.249,-15.000,Open Technology,Retweeter,59
U0502,25.981,-15.000,Open Technology,Retweeter,76
U0503,27.713,-15.000,Open Technology,Retweeter,64
U0504,29.445,-15.000,Open Technology,Receiver,43
U0505,31.177,-15.000,Open Technology,Receiver,31
U0506,32.909,-15.000,Open Technology,Receiver,19
U0507,34.641,-15.000,Open Technology,Receiver,36
U0508,-35.507,-13.500,Civic Core,Receiver,24
U0509,-33.775,-13.500,Civic Core,Receiver,41
U0510,-32.043,-13.500,Civic Core,Receiver,29
U0511,-30.311,-13.500,Civic Core,Receiver,46
U0512,-28.579,-13.500,Civic Core,Receiver,34
U0513,-26.847,-13.500,Civic Core,Receiver,22
U0514,-25.115,-13.500,Civic Core,Receiver,39
U0515,-23.383,-13.500,Civic Core,Receiver,27
U0516,-21.651,-13.500,Civic Core,Receiver,44
U0517,-19.919,-13.500,Civic Core,Receiver,32
U0518,-18.187,-13.500,Civic Core,Receiver,20
U0519,-16.454,-13.500,Civic Core,Receiver,37
U0520,-14.722,-13.500,Civic Core,Receiver,25
U0521,-12.990,-13.500,Civic Core,Receiver,42
U0522,-11.258,-13.500,Public Health,Receiver,30
U0523,-9.526,-13.500,Public Health,Receiver,18
U0524,-7.794,-13.500,Public Health,Receiver,35
U0525,-6.062,-13.500,Public Health,Receiver,23
U0526,-4.330,-13.500,Public Health,Receiver,40
U0527,-2.598,-13.500,Public Health,Receiver,28
U0528,-0.866,-13.500,Public Health,Receiver,45
U0529,0.866,-13.500,Public Health,Receiver,33
U0530,2.598,-13.500,Public Health,Receiver,21
U0531,4.330,-13.500,Public Health,Receiver,38
U0532,6.062,-13.500,Public Health,Receiver,26
U0533,7.794,-13.500,Public Health,Receiver,43
U0534,9.526,-13.500,Public Health,Receiver,31
U0535,11.258,-13.500,Creative Commons,Receiver,19
U0536,12.990,-13.500,Creative Commons,Receiver,36
U0537,14.722,-13.500,Open Technology,Receiver,24
U0538,16.454,-13.500,Open Technology,Receiver,41
U0539,18.187,-13.500,Open Technology,Receiver,29
U0540,19.919,-13.500,Open Technology,Receiver,46
U0541,21.651,-13.500,Open Technology,Receiver,34
U0542,23.383,-13.500,Open Technology,Receiver,22
U0543,25.115,-13.500,Open Technology,Retweeter,77
U0544,26.847,-13.500,Open Technology,Receiver,27
U0545,28.579,-13.500,Open Technology,Receiver,44
U0546,30.311,-13.500,Open Technology,Receiver,32
U0547,32.043,-13.500,Open Technology,Receiver,20
U0548,33.775,-13.500,Open Technology,Receiver,37
U0549,35.507,-13.500,Open Technology,Receiver,25
U0550,-34.641,-12.000,Civic Core,Receiver,42
U0551,-32.909,-12.000,Civic Core,Receiver,30
U0552,-31.177,-12.000,Civic Core,Receiver,18
U0553,-29.445,-12.000,Civic Core,Receiver,35
U0554,-27.713,-12.000,Civic Core,Receiver,23
U0555,-25.981,-12.000,Civic Core,Receiver,40
U0556,-24.249,-12.000,Civic Core,Receiver,28
U0557,-22.517,-12.000,Civic Core,Receiver,45
U0558,-20.785,-12.000,Civic Core,Receiver,33
U0559,-19.053,-12.000,Civic Core,Receiver,21
U0560,-17.321,-12.000,Civic Core,Receiver,38
U0561,-15.588,-12.000,Civic Core,Receiver,26
U0562,-13.856,-12.000,Civic Core,Receiver,43
U0563,-12.124,-12.000,Public Health,Receiver,31
U0564,-10.392,-12.000,Public Health,Receiver,19
U0565,-8.660,-12.000,Public Health,Receiver,36
U0566,-6.928,-12.000,Public Health,Receiver,24
U0567,-5.196,-12.000,Public Health,Receiver,41
U0568,-3.464,-12.000,Public Health,Receiver,29
U0569,-1.732,-12.000,Public Health,Receiver,46
U0570,0.000,-12.000,Public Health,Receiver,34
U0571,1.732,-12.000,Public Health,Receiver,22
U0572,3.464,-12.000,Public Health,Receiver,39
U0573,5.196,-12.000,Public Health,Receiver,27
U0574,6.928,-12.000,Public Health,Receiver,44
U0575,8.660,-12.000,Public Health,Receiver,32
U0576,10.392,-12.000,Creative Commons,Receiver,20
U0577,12.124,-12.000,Creative Commons,Receiver,37
U0578,13.856,-12.000,Creative Commons,Receiver,25
U0579,15.588,-12.000,Open Technology,Receiver,42
U0580,17.321,-12.000,Open Technology,Receiver,30
U0581,19.053,-12.000,Open Technology,Receiver,18
U0582,20.785,-12.000,Open Technology,Receiver,35
U0583,22.517,-12.000,Open Technology,Receiver,23
U0584,24.249,-12.000,Open Technology,Receiver,40
U0585,25.981,-12.000,Open Technology,Receiver,28
U0586,27.713,-12.000,Open Technology,Receiver,45
U0587,29.445,-12.000,Open Technology,Receiver,33
U0588,31.177,-12.000,Open Technology,Receiver,21
U0589,32.909,-12.000,Open Technology,Receiver,38
U0590,34.641,-12.000,Open Technology,Receiver,26
U0591,36.373,-12.000,Open Technology,Receiver,43
U0592,-33.775,-10.500,Civic Core,Receiver,31
U0593,-32.043,-10.500,Civic Core,Receiver,19
U0594,-30.311,-10.500,Civic Core,Receiver,36
U0595,-28.579,-10.500,Civic Core,Receiver,24
U0596,-26.847,-10.500,Civic Core,Receiver,41
U0597,-25.115,-10.500,Civic Core,Receiver,29
U0598,-23.383,-10.500,Civic Core,Receiver,46
U0599,-21.651,-10.500,Civic Core,Receiver,34
U0600,-19.919,-10.500,Civic Core,Receiver,22
U0601,-18.187,-10.500,Civic Core,Receiver,39
U0602,-16.454,-10.500,Civic Core,Receiver,27
U0603,-14.722,-10.500,Civic Core,Receiver,44
U0604,-12.990,-10.500,Local Voices,Receiver,32
U0605,-11.258,-10.500,Local Voices,Receiver,20
U0606,-9.526,-10.500,Local Voices,Receiver,37
U0607,-7.794,-10.500,Local Voices,Receiver,25
U0608,-6.062,-10.500,Public Health,Receiver,42
U0609,-4.330,-10.500,Public Health,Receiver,30
U0610,-2.598,-10.500,Public Health,Receiver,18
U0611,-0.866,-10.500,Public Health,Receiver,35
U0612,0.866,-10.500,Public Health,Receiver,23
U0613,2.598,-10.500,Public Health,Receiver,40
U0614,4.330,-10.500,Public Health,Receiver,28
U0615,6.062,-10.500,Public Health,Receiver,45
U0616,7.794,-10.500,Creative Commons,Receiver,33
U0617,9.526,-10.500,Creative Commons,Receiver,21
U0618,11.258,-10.500,Creative Commons,Receiver,38
U0619,12.990,-10.500,Creative Commons,Receiver,26
U0620,14.722,-10.500,Open Technology,Receiver,43
U0621,16.454,-10.500,Open Technology,Receiver,31
U0622,18.187,-10.500,Open Technology,Receiver,19
U0623,19.919,-10.500,Open Technology,Receiver,36
U0624,21.651,-10.500,Open Technology,Receiver,24
U0625,23.383,-10.500,Open Technology,Receiver,41
U0626,25.115,-10.500,Open Technology,Receiver,29
U0627,26.847,-10.500,Open Technology,Receiver,46
U0628,28.579,-10.500,Open Technology,Receiver,34
U0629,30.311,-10.500,Open Technology,Receiver,22
U0630,32.043,-10.500,Open Technology,Receiver,39
U0631,33.775,-10.500,Open Technology,Receiver,27
U0632,35.507,-10.500,Open Technology,Receiver,44
U0633,38.971,-10.500,Open Technology,Receiver,32
U0634,-38.105,-9.000,Climate Action,Receiver,20
U0635,-36.373,-9.000,Climate Action,Receiver,37
U0636,-34.641,-9.000,Climate Action,Receiver,25
U0637,-32.909,-9.000,Civic Core,Receiver,42
U0638,-31.177,-9.000,Civic Core,Receiver,30
U0639,-29.445,-9.000,Civic Core,Receiver,18
U0640,-27.713,-9.000,Civic Core,Receiver,35
U0641,-25.981,-9.000,Civic Core,Receiver,23
U0642,-24.249,-9.000,Civic Core,Receiver,40
U0643,-22.517,-9.000,Civic Core,Receiver,28
U0644,-20.785,-9.000,Civic Core,Receiver,45
U0645,-19.053,-9.000,Civic Core,Receiver,33
U0646,-17.321,-9.000,Civic Core,Receiver,21
U0647,-15.588,-9.000,Civic Core,Receiver,38
U0648,-13.856,-9.000,Local Voices,Receiver,26
U0649,-12.124,-9.000,Local Voices,Receiver,43
U0650,-10.392,-9.000,Local Voices,Receiver,31
U0651,-8.660,-9.000,Local Voices,Receiver,19
U0652,-6.928,-9.000,Local Voices,Receiver,36
U0653,-5.196,-9.000,Local Voices,Receiver,24
U0654,-3.464,-9.000,Local Voices,Receiver,41
U0655,-1.732,-9.000,Local Voices,Receiver,29
U0656,0.000,-9.000,Local Voices,Receiver,46
U0657,1.732,-9.000,Local Voices,Receiver,34
U0658,3.464,-9.000,Local Voices,Receiver,22
U0659,5.196,-9.000,Local Voices,Receiver,39
U0660,6.928,-9.000,Local Voices,Receiver,27
U0661,8.660,-9.000,Creative Commons,Receiver,44
U0662,10.392,-9.000,Creative Commons,Receiver,32
U0663,12.124,-9.000,Creative Commons,Receiver,20
U0664,13.856,-9.000,Creative Commons,Receiver,37
U0665,15.588,-9.000,Creative Commons,Receiver,25
U0666,17.321,-9.000,Open Technology,Receiver,42
U0667,19.053,-9.000,Open Technology,Receiver,30
U0668,20.785,-9.000,Open Technology,Receiver,18
U0669,22.517,-9.000,Open Technology,Receiver,35
U0670,24.249,-9.000,Open Technology,Receiver,23
U0671,25.981,-9.000,Open Technology,Receiver,40
U0672,27.713,-9.000,Open Technology,Receiver,28
U0673,29.445,-9.000,Open Technology,Receiver,45
U0674,31.177,-9.000,Open Technology,Receiver,33
U0675,32.909,-9.000,Open Technology,Receiver,21
U0676,34.641,-9.000,Open Technology,Receiver,38
U0677,36.373,-9.000,Open Technology,Receiver,26
U0678,38.105,-9.000,Open Technology,Receiver,43
U0679,-38.971,-7.500,Climate Action,Receiver,31
U0680,-37.239,-7.500,Climate Action,Receiver,19
U0681,-35.507,-7.500,Climate Action,Receiver,36
U0682,-33.775,-7.500,Climate Action,Receiver,24
U0683,-32.043,-7.500,Climate Action,Receiver,41
U0684,-30.311,-7.500,Climate Action,Receiver,29
U0685,-28.579,-7.500,Climate Action,Receiver,46
U0686,-26.847,-7.500,Climate Action,Receiver,34
U0687,-25.115,-7.500,Civic Core,Receiver,22
U0688,-23.383,-7.500,Civic Core,Receiver,39
U0689,-21.651,-7.500,Civic Core,Receiver,27
U0690,-19.919,-7.500,Civic Core,Receiver,44
U0691,-18.187,-7.500,Civic Core,Receiver,32
U0692,-16.454,-7.500,Civic Core,Receiver,20
U0693,-14.722,-7.500,Local Voices,Receiver,37
U0694,-12.990,-7.500,Local Voices,Receiver,25
U0695,-11.258,-7.500,Local Voices,Receiver,42
U0696,-9.526,-7.500,Local Voices,Receiver,30
U0697,-7.794,-7.500,Local Voices,Receiver,18
U0698,-6.062,-7.500,Local Voices,Receiver,35
U0699,-4.330,-7.500,Local Voices,Receiver,23
U0700,-2.598,-7.500,Local Voices,Receiver,40
U0701,-0.866,-7.500,Local Voices,Receiver,28
U0702,0.866,-7.500,Local Voices,Receiver,45
U0703,2.598,-7.500,Local Voices,Receiver,33
U0704,4.330,-7.500,Local Voices,Receiver,21
U0705,6.062,-7.500,Local Voices,Receiver,38
U0706,7.794,-7.500,Local Voices,Receiver,26
U0707,9.526,-7.500,Creative Commons,Receiver,43
U0708,11.258,-7.500,Creative Commons,Receiver,31
U0709,12.990,-7.500,Creative Commons,Receiver,19
U0710,14.722,-7.500,Creative Commons,Receiver,36
U0711,16.454,-7.500,Creative Commons,Receiver,24
U0712,18.187,-7.500,Open Technology,Receiver,41
U0713,19.919,-7.500,Open Technology,Receiver,29
U0714,21.651,-7.500,Open Technology,Receiver,46
U0715,23.383,-7.500,Open Technology,Receiver,34
U0716,25.115,-7.500,Open Technology,Receiver,22
U0717,26.847,-7.500,Open Technology,Receiver,39
U0718,28.579,-7.500,Open Technology,Receiver,27
U0719,30.311,-7.500,Open Technology,Receiver,44
U0720,32.043,-7.500,Open Technology,Receiver,32
U0721,33.775,-7.500,Open Technology,Receiver,20
U0722,35.507,-7.500,Open Technology,Receiver,37
U0723,37.239,-7.500,Open Technology,Receiver,25
U0724,38.971,-7.500,Open Technology,Receiver,42
U0725,-39.837,-6.000,Climate Action,Receiver,30
U0726,-38.105,-6.000,Climate Action,Receiver,18
U0727,-36.373,-6.000,Climate Action,Receiver,35
U0728,-34.641,-6.000,Climate Action,Receiver,23
U0729,-32.909,-6.000,Climate Action,Receiver,40
U0730,-31.177,-6.000,Climate Action,Receiver,28
U0731,-29.445,-6.000,Climate Action,Receiver,45
U0732,-27.713,-6.000,Climate Action,Receiver,33
U0733,-25.981,-6.000,Climate Action,Receiver,21
U0734,-24.249,-6.000,Climate Action,Receiver,38
U0735,-22.517,-6.000,Climate Action,Receiver,26
U0736,-20.785,-6.000,Civic Core,Receiver,43
U0737,-19.053,-6.000,Civic Core,Receiver,31
U0738,-17.321,-6.000,Civic Core,Receiver,19
U0739,-15.588,-6.000,Local Voices,Receiver,36
U0740,-13.856,-6.000,Local Voices,Receiver,24
U0741,-12.124,-6.000,Local Voices,Receiver,41
U0742,-10.392,-6.000,Local Voices,Receiver,29
U0743,-8.660,-6.000,Local Voices,Receiver,46
U0744,-6.928,-6.000,Local Voices,Receiver,34
U0745,-5.196,-6.000,Local Voices,Receiver,22
U0746,-3.464,-6.000,Local Voices,Receiver,39
U0747,-1.732,-6.000,Local Voices,Receiver,27
U0748,0.000,-6.000,Local Voices,Receiver,44
U0749,1.732,-6.000,Local Voices,Receiver,32
U0750,3.464,-6.000,Local Voices,Receiver,20
U0751,5.196,-6.000,Local Voices,Receiver,37
U0752,6.928,-6.000,Local Voices,Receiver,25
U0753,8.660,-6.000,Creative Commons,Receiver,42
U0754,10.392,-6.000,Creative Commons,Receiver,30
U0755,12.124,-6.000,Creative Commons,Receiver,18
U0756,13.856,-6.000,Creative Commons,Receiver,35
U0757,15.588,-6.000,Creative Commons,Receiver,23
U0758,17.321,-6.000,Creative Commons,Receiver,40
U0759,19.053,-6.000,Creative Commons,Receiver,28
U0760,20.785,-6.000,Open Technology,Receiver,45
U0761,22.517,-6.000,Open Technology,Receiver,33
U0762,24.249,-6.000,Open Technology,Receiver,21
U0763,25.981,-6.000,Open Technology,Receiver,38
U0764,27.713,-6.000,Open Technology,Receiver,26
U0765,29.445,-6.000,Open Technology,Receiver,43
U0766,31.177,-6.000,Open Technology,Receiver,31
U0767,32.909,-6.000,Open Technology,Receiver,19
U0768,34.641,-6.000,Open Technology,Receiver,36
U0769,36.373,-6.000,Open Technology,Receiver,24
U0770,38.105,-6.000,Open Technology,Receiver,41
U0771,39.837,-6.000,Open Technology,Receiver,29
U0772,41.569,-6.000,Open Technology,Receiver,46
U0773,-38.971,-4.500,Climate Action,Receiver,34
U0774,-37.239,-4.500,Climate Action,Receiver,22
U0775,-35.507,-4.500,Climate Action,Receiver,39
U0776,-33.775,-4.500,Climate Action,Receiver,27
U0777,-32.043,-4.500,Climate Action,Receiver,44
U0778,-30.311,-4.500,Climate Action,Receiver,32
U0779,-28.579,-4.500,Climate Action,Receiver,20
U0780,-26.847,-4.500,Climate Action,Receiver,37
U0781,-25.115,-4.500,Climate Action,Receiver,25
U0782,-23.383,-4.500,Climate Action,Receiver,42
U0783,-21.651,-4.500,Climate Action,Receiver,30
U0784,-19.919,-4.500,Civic Core,Receiver,18
U0785,-18.187,-4.500,Civic Core,Receiver,35
U0786,-16.454,-4.500,Local Voices,Receiver,23
U0787,-14.722,-4.500,Local Voices,Receiver,40
U0788,-12.990,-4.500,Local Voices,Receiver,28
U0789,-11.258,-4.500,Local Voices,Receiver,45
U0790,-9.526,-4.500,Local Voices,Receiver,33
U0791,-7.794,-4.500,Local Voices,Receiver,21
U0792,-6.062,-4.500,Local Voices,Receiver,38
U0793,-4.330,-4.500,Local Voices,Receiver,26
U0794,-2.598,-4.500,Local Voices,Receiver,43
U0795,-0.866,-4.500,Local Voices,Receiver,31
U0796,0.866,-4.500,Local Voices,Receiver,19
U0797,2.598,-4.500,Local Voices,Receiver,36
U0798,4.330,-4.500,Local Voices,Receiver,24
U0799,6.062,-4.500,Local Voices,Receiver,41
U0800,7.794,-4.500,Local Voices,Receiver,29
U0801,9.526,-4.500,Creative Commons,Receiver,46
U0802,11.258,-4.500,Creative Commons,Receiver,34
U0803,12.990,-4.500,Creative Commons,Receiver,22
U0804,14.722,-4.500,Creative Commons,Receiver,39
U0805,16.454,-4.500,Creative Commons,Receiver,27
U0806,18.187,-4.500,Creative Commons,Receiver,44
U0807,19.919,-4.500,Creative Commons,Receiver,32
U0808,21.651,-4.500,Creative Commons,Receiver,20
U0809,23.383,-4.500,Creative Commons,Receiver,37
U0810,25.115,-4.500,Creative Commons,Receiver,25
U0811,26.847,-4.500,Creative Commons,Receiver,42
U0812,28.579,-4.500,Open Technology,Receiver,30
U0813,30.311,-4.500,Open Technology,Receiver,18
U0814,32.043,-4.500,Open Technology,Receiver,35
U0815,33.775,-4.500,Open Technology,Receiver,23
U0816,35.507,-4.500,Open Technology,Receiver,40
U0817,37.239,-4.500,Open Technology,Receiver,28
U0818,38.971,-4.500,Open Technology,Receiver,45
U0819,40.703,-4.500,Open Technology,Receiver,33
U0820,-43.301,-3.000,Climate Action,Receiver,21
U0821,-39.837,-3.000,Climate Action,Receiver,38
U0822,-38.105,-3.000,Climate Action,Receiver,26
U0823,-36.373,-3.000,Climate Action,Receiver,43
U0824,-34.641,-3.000,Climate Action,Receiver,31
U0825,-32.909,-3.000,Climate Action,Receiver,19
U0826,-31.177,-3.000,Climate Action,Receiver,36
U0827,-29.445,-3.000,Climate Action,Receiver,24
U0828,-27.713,-3.000,Climate Action,Receiver,41
U0829,-25.981,-3.000,Climate Action,Receiver,29
U0830,-24.249,-3.000,Climate Action,Receiver,46
U0831,-22.517,-3.000,Climate Action,Receiver,34
U0832,-20.785,-3.000,Climate Action,Receiver,22
U0833,-19.053,-3.000,Climate Action,Receiver,39
U0834,-17.321,-3.000,Local Voices,Receiver,27
U0835,-15.588,-3.000,Local Voices,Receiver,44
U0836,-13.856,-3.000,Local Voices,Receiver,32
U0837,-12.124,-3.000,Local Voices,Receiver,20
U0838,-10.392,-3.000,Local Voices,Receiver,37
U0839,-8.660,-3.000,Local Voices,Receiver,25
U0840,-6.928,-3.000,Local Voices,Receiver,42
U0841,-5.196,-3.000,Local Voices,Receiver,30
U0842,-3.464,-3.000,Local Voices,Receiver,18
U0843,-1.732,-3.000,Local Voices,Receiver,35
U0844,0.000,-3.000,Local Voices,Receiver,23
U0845,1.732,-3.000,Local Voices,Receiver,40
U0846,3.464,-3.000,Local Voices,Receiver,28
U0847,5.196,-3.000,Local Voices,Receiver,45
U0848,6.928,-3.000,Local Voices,Receiver,33
U0849,8.660,-3.000,Local Voices,Receiver,21
U0850,10.392,-3.000,Creative Commons,Receiver,38
U0851,12.124,-3.000,Creative Commons,Receiver,26
U0852,13.856,-3.000,Creative Commons,Receiver,43
U0853,15.588,-3.000,Creative Commons,Receiver,31
U0854,17.321,-3.000,Creative Commons,Receiver,19
U0855,19.053,-3.000,Creative Commons,Receiver,36
U0856,20.785,-3.000,Creative Commons,Receiver,24
U0857,22.517,-3.000,Creative Commons,Receiver,41
U0858,24.249,-3.000,Creative Commons,Receiver,29
U0859,25.981,-3.000,Creative Commons,Receiver,46
U0860,27.713,-3.000,Creative Commons,Receiver,34
U0861,29.445,-3.000,Creative Commons,Receiver,22
U0862,31.177,-3.000,Creative Commons,Receiver,39
U0863,32.909,-3.000,Creative Commons,Receiver,27
U0864,34.641,-3.000,Creative Commons,Receiver,44
U0865,36.373,-3.000,Open Technology,Receiver,32
U0866,38.105,-3.000,Open Technology,Receiver,20
U0867,39.837,-3.000,Open Technology,Receiver,37
U0868,-42.435,-1.500,Climate Action,Receiver,25
U0869,-38.971,-1.500,Climate Action,Receiver,42
U0870,-37.239,-1.500,Climate Action,Receiver,30
U0871,-35.507,-1.500,Climate Action,Receiver,18
U0872,-33.775,-1.500,Climate Action,Receiver,35
U0873,-32.043,-1.500,Climate Action,Receiver,23
U0874,-30.311,-1.500,Climate Action,Receiver,40
U0875,-28.579,-1.500,Climate Action,Receiver,28
U0876,-26.847,-1.500,Climate Action,Receiver,45
U0877,-25.115,-1.500,Climate Action,Receiver,33
U0878,-23.383,-1.500,Climate Action,Receiver,21
U0879,-21.651,-1.500,Climate Action,Receiver,38
U0880,-19.919,-1.500,Climate Action,Receiver,26
U0881,-18.187,-1.500,Climate Action,Receiver,43
U0882,-16.454,-1.500,Local Voices,Receiver,31
U0883,-14.722,-1.500,Local Voices,Receiver,19
U0884,-12.990,-1.500,Local Voices,Receiver,36
U0885,-11.258,-1.500,Local Voices,Receiver,24
U0886,-9.526,-1.500,Local Voices,Receiver,41
U0887,-7.794,-1.500,Local Voices,Retweeter,67
U0888,-6.062,-1.500,Local Voices,Retweeter,84
U0889,-4.330,-1.500,Local Voices,Receiver,34
U0890,-2.598,-1.500,Local Voices,Receiver,22
U0891,-0.866,-1.500,Local Voices,Receiver,39
U0892,0.866,-1.500,Local Voices,Receiver,27
U0893,2.598,-1.500,Local Voices,Receiver,44
U0894,4.330,-1.500,Local Voices,Receiver,32
U0895,6.062,-1.500,Local Voices,Receiver,20
U0896,7.794,-1.500,Local Voices,Receiver,37
U0897,9.526,-1.500,Creative Commons,Receiver,25
U0898,11.258,-1.500,Creative Commons,Receiver,42
U0899,12.990,-1.500,Creative Commons,Receiver,30
U0900,14.722,-1.500,Creative Commons,Receiver,18
U0901,16.454,-1.500,Creative Commons,Receiver,35
U0902,18.187,-1.500,Creative Commons,Receiver,23
U0903,19.919,-1.500,Creative Commons,Receiver,40
U0904,21.651,-1.500,Creative Commons,Receiver,28
U0905,23.383,-1.500,Creative Commons,Receiver,45
U0906,25.115,-1.500,Creative Commons,Receiver,33
U0907,26.847,-1.500,Creative Commons,Receiver,21
U0908,28.579,-1.500,Creative Commons,Receiver,38
U0909,30.311,-1.500,Creative Commons,Receiver,26
U0910,32.043,-1.500,Creative Commons,Receiver,43
U0911,33.775,-1.500,Creative Commons,Receiver,31
U0912,35.507,-1.500,Creative Commons,Receiver,19
U0913,37.239,-1.500,Creative Commons,Receiver,36
U0914,38.971,-1.500,Open Technology,Receiver,24
U0915,40.703,-1.500,Open Technology,Receiver,41
U0916,-43.301,0.000,Climate Action,Receiver,29
U0917,-41.569,0.000,Climate Action,Receiver,46
U0918,-39.837,0.000,Climate Action,Receiver,34
U0919,-38.105,0.000,Climate Action,Receiver,22
U0920,-36.373,0.000,Climate Action,Receiver,39
U0921,-34.641,0.000,Climate Action,Receiver,27
U0922,-32.909,0.000,Climate Action,Receiver,44
U0923,-31.177,0.000,Climate Action,Receiver,32
U0924,-29.445,0.000,Climate Action,Receiver,20
U0925,-27.713,0.000,Climate Action,Receiver,37
U0926,-25.981,0.000,Climate Action,Receiver,25
U0927,-24.249,0.000,Climate Action,Receiver,42
U0928,-22.517,0.000,Climate Action,Receiver,30
U0929,-20.785,0.000,Climate Action,Receiver,18
U0930,-19.053,0.000,Climate Action,Receiver,35
U0931,-17.321,0.000,Local Voices,Receiver,23
U0932,-15.588,0.000,Local Voices,Receiver,40
U0933,-13.856,0.000,Local Voices,Receiver,28
U0934,-12.124,0.000,Local Voices,Receiver,45
U0935,-10.392,0.000,Local Voices,Retweeter,71
U0936,-8.660,0.000,Local Voices,Retweeter,59
U0937,-6.928,0.000,Local Voices,Retweeter,76
U0938,-5.196,0.000,Local Voices,Retweeter,64
U0939,-3.464,0.000,Local Voices,Receiver,43
U0940,-1.732,0.000,Local Voices,Receiver,31
U0941,0.000,0.000,Local Voices,Receiver,19
U0942,1.732,0.000,Local Voices,Receiver,36
U0943,3.464,0.000,Local Voices,Receiver,24
U0944,5.196,0.000,Local Voices,Receiver,41
U0945,6.928,0.000,Local Voices,Receiver,29
U0946,8.660,0.000,Creative Commons,Receiver,46
U0947,10.392,0.000,Creative Commons,Receiver,34
U0948,12.124,0.000,Creative Commons,Receiver,22
U0949,13.856,0.000,Creative Commons,Receiver,39
U0950,15.588,0.000,Creative Commons,Receiver,27
U0951,17.321,0.000,Creative Commons,Receiver,44
U0952,19.053,0.000,Creative Commons,Receiver,32
U0953,20.785,0.000,Creative Commons,Receiver,20
U0954,22.517,0.000,Creative Commons,Receiver,37
U0955,24.249,0.000,Creative Commons,Receiver,25
U0956,25.981,0.000,Creative Commons,Receiver,42
U0957,27.713,0.000,Creative Commons,Receiver,30
U0958,29.445,0.000,Creative Commons,Receiver,18
U0959,31.177,0.000,Creative Commons,Receiver,35
U0960,32.909,0.000,Creative Commons,Receiver,23
U0961,34.641,0.000,Creative Commons,Receiver,40
U0962,36.373,0.000,Creative Commons,Receiver,28
U0963,38.105,0.000,Creative Commons,Receiver,45
U0964,39.837,0.000,Creative Commons,Receiver,33
U0965,41.569,0.000,Open Technology,Receiver,21
U0966,43.301,0.000,Open Technology,Receiver,38
U0967,-40.703,1.500,Climate Action,Receiver,26
U0968,-38.971,1.500,Climate Action,Receiver,43
U0969,-37.239,1.500,Climate Action,Receiver,31
U0970,-35.507,1.500,Climate Action,Receiver,19
U0971,-33.775,1.500,Climate Action,Receiver,36
U0972,-32.043,1.500,Climate Action,Receiver,24
U0973,-30.311,1.500,Climate Action,Receiver,41
U0974,-28.579,1.500,Climate Action,Retweeter,67
U0975,-26.847,1.500,Climate Action,Retweeter,84
U0976,-25.115,1.500,Climate Action,Receiver,34
U0977,-23.383,1.500,Climate Action,Receiver,22
U0978,-21.651,1.500,Climate Action,Receiver,39
U0979,-19.919,1.500,Climate Action,Receiver,27
U0980,-18.187,1.500,Climate Action,Receiver,44
U0981,-16.454,1.500,Local Voices,Receiver,32
U0982,-14.722,1.500,Local Voices,Receiver,20
U0983,-12.990,1.500,Local Voices,Receiver,37
U0984,-11.258,1.500,Local Voices,Retweeter,63
U0985,-9.526,1.500,Local Voices,Retweeter,80
U0986,-7.794,1.500,Local Voices,Opinion leader,102
U0987,-6.062,1.500,Local Voices,Retweeter,56
U0988,-4.330,1.500,Local Voices,Retweeter,73
U0989,-2.598,1.500,Local Voices,Receiver,23
U0990,-0.866,1.500,Local Voices,Receiver,40
U0991,0.866,1.500,Local Voices,Receiver,28
U0992,2.598,1.500,Local Voices,Receiver,45
U0993,4.330,1.500,Local Voices,Receiver,33
U0994,6.062,1.500,Local Voices,Receiver,21
U0995,7.794,1.500,Local Voices,Receiver,38
U0996,9.526,1.500,Creative Commons,Receiver,26
U0997,11.258,1.500,Creative Commons,Receiver,43
U0998,12.990,1.500,Creative Commons,Receiver,31
U0999,14.722,1.500,Creative Commons,Retweeter,57
U1000,16.454,1.500,Creative Commons,Retweeter,74
U1001,18.187,1.500,Creative Commons,Retweeter,62
U1002,19.919,1.500,Creative Commons,Receiver,41
U1003,21.651,1.500,Creative Commons,Receiver,29
U1004,23.383,1.500,Creative Commons,Receiver,46
U1005,25.115,1.500,Creative Commons,Receiver,34
U1006,26.847,1.500,Creative Commons,Receiver,22
U1007,28.579,1.500,Creative Commons,Receiver,39
U1008,30.311,1.500,Creative Commons,Receiver,27
U1009,32.043,1.500,Creative Commons,Receiver,44
U1010,33.775,1.500,Creative Commons,Receiver,32
U1011,35.507,1.500,Creative Commons,Receiver,20
U1012,37.239,1.500,Creative Commons,Receiver,37
U1013,38.971,1.500,Creative Commons,Receiver,25
U1014,42.435,1.500,Open Technology,Receiver,42
U1015,-39.837,3.000,Climate Action,Receiver,30
U1016,-38.105,3.000,Climate Action,Receiver,18
U1017,-36.373,3.000,Climate Action,Receiver,35
U1018,-34.641,3.000,Climate Action,Receiver,23
U1019,-32.909,3.000,Climate Action,Receiver,40
U1020,-31.177,3.000,Climate Action,Retweeter,66
U1021,-29.445,3.000,Climate Action,Retweeter,83
U1022,-27.713,3.000,Climate Action,Retweeter,71
U1023,-25.981,3.000,Climate Action,Retweeter,59
U1024,-24.249,3.000,Climate Action,Receiver,38
U1025,-22.517,3.000,Climate Action,Receiver,26
U1026,-20.785,3.000,Climate Action,Receiver,43
U1027,-19.053,3.000,Climate Action,Receiver,31
U1028,-17.321,3.000,Local Voices,Receiver,19
U1029,-15.588,3.000,Local Voices,Receiver,36
U1030,-13.856,3.000,Local Voices,Receiver,24
U1031,-12.124,3.000,Local Voices,Receiver,41
U1032,-10.392,3.000,Local Voices,Retweeter,67
U1033,-8.660,3.000,Local Voices,Retweeter,84
U1034,-6.928,3.000,Local Voices,Retweeter,72
U1035,-5.196,3.000,Local Voices,Retweeter,60
U1036,-3.464,3.000,Local Voices,Receiver,39
U1037,-1.732,3.000,Local Voices,Receiver,27
U1038,0.000,3.000,Local Voices,Receiver,44
U1039,1.732,3.000,Local Voices,Receiver,32
U1040,3.464,3.000,Local Voices,Receiver,20
U1041,5.196,3.000,Local Voices,Receiver,37
U1042,6.928,3.000,Local Voices,Receiver,25
U1043,8.660,3.000,Creative Commons,Receiver,42
U1044,10.392,3.000,Creative Commons,Receiver,30
U1045,12.124,3.000,Creative Commons,Receiver,18
U1046,13.856,3.000,Creative Commons,Retweeter,73
U1047,15.588,3.000,Creative Commons,Retweeter,61
U1048,17.321,3.000,Creative Commons,Retweeter,78
U1049,19.053,3.000,Creative Commons,Retweeter,66
U1050,20.785,3.000,Creative Commons,Receiver,45
U1051,22.517,3.000,Creative Commons,Receiver,33
U1052,24.249,3.000,Creative Commons,Receiver,21
U1053,25.981,3.000,Creative Commons,Receiver,38
U1054,27.713,3.000,Creative Commons,Receiver,26
U1055,29.445,3.000,Creative Commons,Receiver,43
U1056,31.177,3.000,Creative Commons,Receiver,31
U1057,32.909,3.000,Creative Commons,Receiver,19
U1058,34.641,3.000,Creative Commons,Receiver,36
U1059,36.373,3.000,Creative Commons,Receiver,24
U1060,38.105,3.000,Creative Commons,Receiver,41
U1061,39.837,3.000,Creative Commons,Receiver,29
U1062,43.301,3.000,Open Technology,Receiver,46
U1063,-40.703,4.500,Climate Action,Receiver,34
U1064,-38.971,4.500,Climate Action,Receiver,22
U1065,-37.239,4.500,Climate Action,Receiver,39
U1066,-35.507,4.500,Climate Action,Receiver,27
U1067,-33.775,4.500,Climate Action,Receiver,44
U1068,-32.043,4.500,Climate Action,Retweeter,70
U1069,-30.311,4.500,Climate Action,Retweeter,58
U1070,-28.579,4.500,Climate Action,Opinion leader,109
U1071,-26.847,4.500,Climate Action,Retweeter,63
U1072,-25.115,4.500,Climate Action,Retweeter,80
U1073,-23.383,4.500,Climate Action,Receiver,30
U1074,-21.651,4.500,Climate Action,Receiver,18
U1075,-19.919,4.500,Climate Action,Receiver,35
U1076,-18.187,4.500,Climate Action,Receiver,23
U1077,-16.454,4.500,Local Voices,Receiver,40
U1078,-14.722,4.500,Local Voices,Receiver,28
U1079,-12.990,4.500,Local Voices,Receiver,45
U1080,-11.258,4.500,Local Voices,Receiver,33
U1081,-9.526,4.500,Local Voices,Receiver,21
U1082,-7.794,4.500,Local Voices,Retweeter,76
U1083,-6.062,4.500,Local Voices,Retweeter,64
U1084,-4.330,4.500,Local Voices,Receiver,43
U1085,-2.598,4.500,Local Voices,Receiver,31
U1086,-0.866,4.500,Local Voices,Receiver,19
U1087,0.866,4.500,Local Voices,Receiver,36
U1088,2.598,4.500,Local Voices,Receiver,24
U1089,4.330,4.500,Local Voices,Receiver,41
U1090,6.062,4.500,Local Voices,Receiver,29
U1091,7.794,4.500,Creative Commons,Receiver,46
U1092,9.526,4.500,Creative Commons,Receiver,34
U1093,11.258,4.500,Creative Commons,Receiver,22
U1094,12.990,4.500,Creative Commons,Receiver,39
U1095,14.722,4.500,Creative Commons,Retweeter,65
U1096,16.454,4.500,Creative Commons,Opinion leader,116
U1097,18.187,4.500,Creative Commons,Retweeter,70
U1098,19.919,4.500,Creative Commons,Retweeter,58
U1099,21.651,4.500,Creative Commons,Receiver,37
U1100,23.383,4.500,Creative Commons,Receiver,25
U1101,25.115,4.500,Creative Commons,Receiver,42
U1102,26.847,4.500,Creative Commons,Receiver,30
U1103,28.579,4.500,Creative Commons,Receiver,18
U1104,30.311,4.500,Creative Commons,Receiver,35
U1105,32.043,4.500,Creative Commons,Receiver,23
U1106,33.775,4.500,Creative Commons,Receiver,40
U1107,35.507,4.500,Creative Commons,Receiver,28
U1108,37.239,4.500,Creative Commons,Receiver,45
U1109,38.971,4.500,Creative Commons,Receiver,33
U1110,-41.569,6.000,Climate Action,Receiver,21
U1111,-39.837,6.000,Climate Action,Receiver,38
U1112,-38.105,6.000,Climate Action,Receiver,26
U1113,-36.373,6.000,Climate Action,Receiver,43
U1114,-34.641,6.000,Climate Action,Receiver,31
U1115,-32.909,6.000,Climate Action,Receiver,19
U1116,-31.177,6.000,Climate Action,Retweeter,74
U1117,-29.445,6.000,Climate Action,Retweeter,62
U1118,-27.713,6.000,Climate Action,Retweeter,79
U1119,-25.981,6.000,Climate Action,Retweeter,67
U1120,-24.249,6.000,Climate Action,Receiver,46
U1121,-22.517,6.000,Climate Action,Receiver,34
U1122,-20.785,6.000,Climate Action,Receiver,22
U1123,-19.053,6.000,Climate Action,Receiver,39
U1124,-17.321,6.000,Climate Action,Receiver,27
U1125,-15.588,6.000,Local Voices,Receiver,44
U1126,-13.856,6.000,Local Voices,Receiver,32
U1127,-12.124,6.000,Local Voices,Receiver,20
U1128,-10.392,6.000,Local Voices,Receiver,37
U1129,-8.660,6.000,Local Voices,Receiver,25
U1130,-6.928,6.000,Local Voices,Receiver,42
U1131,-5.196,6.000,Local Voices,Receiver,30
U1132,-3.464,6.000,Local Voices,Receiver,18
U1133,-1.732,6.000,Local Voices,Receiver,35
U1134,0.000,6.000,Local Voices,Receiver,23
U1135,1.732,6.000,Local Voices,Receiver,40
U1136,3.464,6.000,Local Voices,Receiver,28
U1137,5.196,6.000,Local Voices,Receiver,45
U1138,6.928,6.000,Creative Commons,Receiver,33
U1139,8.660,6.000,Creative Commons,Receiver,21
U1140,10.392,6.000,Creative Commons,Receiver,38
U1141,12.124,6.000,Creative Commons,Receiver,26
U1142,13.856,6.000,Creative Commons,Retweeter,81
U1143,15.588,6.000,Creative Commons,Retweeter,69
U1144,17.321,6.000,Creative Commons,Retweeter,57
U1145,19.053,6.000,Creative Commons,Retweeter,74
U1146,20.785,6.000,Creative Commons,Receiver,24
U1147,22.517,6.000,Creative Commons,Receiver,41
U1148,24.249,6.000,Creative Commons,Receiver,29
U1149,25.981,6.000,Creative Commons,Receiver,46
U1150,27.713,6.000,Creative Commons,Receiver,34
U1151,29.445,6.000,Creative Commons,Receiver,22
U1152,31.177,6.000,Creative Commons,Receiver,39
U1153,32.909,6.000,Creative Commons,Receiver,27
U1154,34.641,6.000,Creative Commons,Receiver,44
U1155,36.373,6.000,Creative Commons,Receiver,32
U1156,38.105,6.000,Creative Commons,Receiver,20
U1157,39.837,6.000,Creative Commons,Receiver,37
U1158,-38.971,7.500,Climate Action,Receiver,25
U1159,-37.239,7.500,Climate Action,Receiver,42
U1160,-35.507,7.500,Climate Action,Receiver,30
U1161,-33.775,7.500,Climate Action,Receiver,18
U1162,-32.043,7.500,Climate Action,Receiver,35
U1163,-30.311,7.500,Climate Action,Receiver,23
U1164,-28.579,7.500,Climate Action,Retweeter,78
U1165,-26.847,7.500,Climate Action,Retweeter,66
U1166,-25.115,7.500,Climate Action,Receiver,45
U1167,-23.383,7.500,Climate Action,Receiver,33
U1168,-21.651,7.500,Climate Action,Receiver,21
U1169,-19.919,7.500,Climate Action,Receiver,38
U1170,-18.187,7.500,Climate Action,Receiver,26
U1171,-16.454,7.500,Local Voices,Receiver,43
U1172,-14.722,7.500,Local Voices,Receiver,31
U1173,-12.990,7.500,Local Voices,Receiver,19
U1174,-11.258,7.500,Local Voices,Receiver,36
U1175,-9.526,7.500,Local Voices,Receiver,24
U1176,-7.794,7.500,Local Voices,Receiver,41
U1177,-6.062,7.500,Local Voices,Receiver,29
U1178,-4.330,7.500,Local Voices,Receiver,46
U1179,-2.598,7.500,Local Voices,Receiver,34
U1180,-0.866,7.500,Local Voices,Receiver,22
U1181,0.866,7.500,Local Voices,Receiver,39
U1182,2.598,7.500,Local Voices,Receiver,27
U1183,4.330,7.500,Local Voices,Receiver,44
U1184,6.062,7.500,Local Voices,Receiver,32
U1185,7.794,7.500,Creative Commons,Receiver,20
U1186,9.526,7.500,Creative Commons,Receiver,37
U1187,11.258,7.500,Creative Commons,Receiver,25
U1188,12.990,7.500,Creative Commons,Receiver,42
U1189,14.722,7.500,Creative Commons,Retweeter,68
U1190,16.454,7.500,Creative Commons,Retweeter,56
U1191,18.187,7.500,Creative Commons,Receiver,35
U1192,19.919,7.500,Creative Commons,Receiver,23
U1193,21.651,7.500,Creative Commons,Receiver,40
U1194,23.383,7.500,Creative Commons,Receiver,28
U1195,25.115,7.500,Creative Commons,Receiver,45
U1196,26.847,7.500,Creative Commons,Receiver,33
U1197,28.579,7.500,Creative Commons,Receiver,21
U1198,30.311,7.500,Creative Commons,Receiver,38
U1199,32.043,7.500,Creative Commons,Receiver,26
U1200,33.775,7.500,Creative Commons,Receiver,43
U1201,35.507,7.500,Creative Commons,Receiver,31
U1202,37.239,7.500,Creative Commons,Receiver,19
U1203,38.971,7.500,Creative Commons,Receiver,36
U1204,-38.105,9.000,Climate Action,Receiver,24
U1205,-34.641,9.000,Climate Action,Receiver,41
U1206,-32.909,9.000,Climate Action,Receiver,29
U1207,-31.177,9.000,Climate Action,Receiver,46
U1208,-29.445,9.000,Climate Action,Receiver,34
U1209,-27.713,9.000,Climate Action,Receiver,22
U1210,-25.981,9.000,Climate Action,Receiver,39
U1211,-24.249,9.000,Climate Action,Receiver,27
U1212,-22.517,9.000,Climate Action,Receiver,44
U1213,-20.785,9.000,Climate Action,Receiver,32
U1214,-19.053,9.000,Climate Action,Receiver,20
U1215,-17.321,9.000,Climate Action,Receiver,37
U1216,-15.588,9.000,Local Voices,Receiver,25
U1217,-13.856,9.000,Local Voices,Receiver,42
U1218,-12.124,9.000,Local Voices,Receiver,30
U1219,-10.392,9.000,Local Voices,Receiver,18
U1220,-8.660,9.000,Local Voices,Receiver,35
U1221,-6.928,9.000,Local Voices,Receiver,23
U1222,-5.196,9.000,Local Voices,Receiver,40
U1223,-3.464,9.000,Local Voices,Receiver,28
U1224,-1.732,9.000,Local Voices,Receiver,45
U1225,0.000,9.000,Local Voices,Receiver,33
U1226,1.732,9.000,Local Voices,Receiver,21
U1227,3.464,9.000,Local Voices,Receiver,38
U1228,5.196,9.000,Mutual Aid,Receiver,26
U1229,6.928,9.000,Mutual Aid,Receiver,43
U1230,8.660,9.000,Creative Commons,Receiver,31
U1231,10.392,9.000,Creative Commons,Receiver,19
U1232,12.124,9.000,Creative Commons,Receiver,36
U1233,13.856,9.000,Creative Commons,Receiver,24
U1234,15.588,9.000,Creative Commons,Receiver,41
U1235,17.321,9.000,Creative Commons,Receiver,29
U1236,19.053,9.000,Creative Commons,Receiver,46
U1237,20.785,9.000,Creative Commons,Receiver,34
U1238,22.517,9.000,Creative Commons,Receiver,22
U1239,24.249,9.000,Creative Commons,Receiver,39
U1240,25.981,9.000,Creative Commons,Receiver,27
U1241,27.713,9.000,Creative Commons,Receiver,44
U1242,29.445,9.000,Creative Commons,Receiver,32
U1243,31.177,9.000,Creative Commons,Receiver,20
U1244,32.909,9.000,Creative Commons,Receiver,37
U1245,34.641,9.000,Creative Commons,Receiver,25
U1246,36.373,9.000,Creative Commons,Receiver,42
U1247,38.105,9.000,Creative Commons,Receiver,30
U1248,-38.971,10.500,Climate Action,Receiver,18
U1249,-35.507,10.500,Climate Action,Receiver,35
U1250,-33.775,10.500,Climate Action,Receiver,23
U1251,-32.043,10.500,Climate Action,Receiver,40
U1252,-30.311,10.500,Climate Action,Receiver,28
U1253,-28.579,10.500,Climate Action,Receiver,45
U1254,-26.847,10.500,Climate Action,Receiver,33
U1255,-25.115,10.500,Climate Action,Receiver,21
U1256,-23.383,10.500,Climate Action,Receiver,38
U1257,-21.651,10.500,Climate Action,Receiver,26
U1258,-19.919,10.500,Climate Action,Receiver,43
U1259,-18.187,10.500,Climate Action,Receiver,31
U1260,-16.454,10.500,Climate Action,Receiver,19
U1261,-14.722,10.500,Local Voices,Receiver,36
U1262,-12.990,10.500,Local Voices,Receiver,24
U1263,-11.258,10.500,Local Voices,Receiver,41
U1264,-9.526,10.500,Local Voices,Receiver,29
U1265,-7.794,10.500,Local Voices,Receiver,46
U1266,-6.062,10.500,Local Voices,Receiver,34
U1267,-4.330,10.500,Local Voices,Receiver,22
U1268,-2.598,10.500,Local Voices,Receiver,39
U1269,-0.866,10.500,Local Voices,Receiver,27
U1270,0.866,10.500,Local Voices,Receiver,44
U1271,2.598,10.500,Mutual Aid,Receiver,32
U1272,4.330,10.500,Mutual Aid,Receiver,20
U1273,6.062,10.500,Mutual Aid,Receiver,37
U1274,7.794,10.500,Mutual Aid,Receiver,25
U1275,9.526,10.500,Mutual Aid,Receiver,42
U1276,11.258,10.500,Creative Commons,Receiver,30
U1277,12.990,10.500,Creative Commons,Receiver,18
U1278,14.722,10.500,Creative Commons,Receiver,35
U1279,16.454,10.500,Creative Commons,Receiver,23
U1280,18.187,10.500,Creative Commons,Receiver,40
U1281,19.919,10.500,Creative Commons,Receiver,28
U1282,21.651,10.500,Creative Commons,Receiver,45
U1283,23.383,10.500,Creative Commons,Receiver,33
U1284,25.115,10.500,Creative Commons,Receiver,21
U1285,26.847,10.500,Creative Commons,Receiver,38
U1286,28.579,10.500,Creative Commons,Receiver,26
U1287,30.311,10.500,Creative Commons,Receiver,43
U1288,32.043,10.500,Creative Commons,Receiver,31
U1289,33.775,10.500,Creative Commons,Receiver,19
U1290,-36.373,12.000,Climate Action,Receiver,36
U1291,-34.641,12.000,Climate Action,Receiver,24
U1292,-32.909,12.000,Climate Action,Receiver,41
U1293,-31.177,12.000,Climate Action,Receiver,29
U1294,-29.445,12.000,Climate Action,Receiver,46
U1295,-27.713,12.000,Climate Action,Receiver,34
U1296,-25.981,12.000,Climate Action,Receiver,22
U1297,-24.249,12.000,Climate Action,Receiver,39
U1298,-22.517,12.000,Climate Action,Receiver,27
U1299,-20.785,12.000,Climate Action,Receiver,44
U1300,-19.053,12.000,Climate Action,Receiver,32
U1301,-17.321,12.000,Climate Action,Receiver,20
U1302,-15.588,12.000,Climate Action,Receiver,37
U1303,-13.856,12.000,Local Voices,Receiver,25
U1304,-12.124,12.000,Local Voices,Receiver,42
U1305,-10.392,12.000,Local Voices,Receiver,30
U1306,-8.660,12.000,Local Voices,Receiver,18
U1307,-6.928,12.000,Local Voices,Receiver,35
U1308,-5.196,12.000,Local Voices,Receiver,23
U1309,-3.464,12.000,Local Voices,Receiver,40
U1310,-1.732,12.000,Local Voices,Receiver,28
U1311,0.000,12.000,Mutual Aid,Receiver,45
U1312,1.732,12.000,Mutual Aid,Receiver,33
U1313,3.464,12.000,Mutual Aid,Receiver,21
U1314,5.196,12.000,Mutual Aid,Receiver,38
U1315,6.928,12.000,Mutual Aid,Receiver,26
U1316,8.660,12.000,Mutual Aid,Receiver,43
U1317,10.392,12.000,Mutual Aid,Receiver,31
U1318,12.124,12.000,Mutual Aid,Receiver,19
U1319,13.856,12.000,Creative Commons,Receiver,36
U1320,15.588,12.000,Creative Commons,Receiver,24
U1321,17.321,12.000,Creative Commons,Receiver,41
U1322,19.053,12.000,Creative Commons,Receiver,29
U1323,20.785,12.000,Creative Commons,Receiver,46
U1324,22.517,12.000,Creative Commons,Receiver,34
U1325,24.249,12.000,Creative Commons,Receiver,22
U1326,25.981,12.000,Creative Commons,Receiver,39
U1327,27.713,12.000,Creative Commons,Receiver,27
U1328,29.445,12.000,Creative Commons,Receiver,44
U1329,31.177,12.000,Creative Commons,Receiver,32
U1330,32.909,12.000,Creative Commons,Receiver,20
U1331,34.641,12.000,Creative Commons,Receiver,37
U1332,-35.507,13.500,Climate Action,Receiver,25
U1333,-33.775,13.500,Media Watch,Receiver,42
U1334,-32.043,13.500,Media Watch,Receiver,30
U1335,-30.311,13.500,Media Watch,Receiver,18
U1336,-28.579,13.500,Media Watch,Receiver,35
U1337,-26.847,13.500,Media Watch,Receiver,23
U1338,-25.115,13.500,Media Watch,Receiver,40
U1339,-23.383,13.500,Media Watch,Receiver,28
U1340,-21.651,13.500,Media Watch,Receiver,45
U1341,-19.919,13.500,Media Watch,Receiver,33
U1342,-18.187,13.500,Media Watch,Receiver,21
U1343,-16.454,13.500,Media Watch,Receiver,38
U1344,-14.722,13.500,Climate Action,Receiver,26
U1345,-12.990,13.500,Local Voices,Receiver,43
U1346,-11.258,13.500,Local Voices,Receiver,31
U1347,-9.526,13.500,Local Voices,Receiver,19
U1348,-7.794,13.500,Local Voices,Receiver,36
U1349,-6.062,13.500,Local Voices,Receiver,24
U1350,-4.330,13.500,Local Voices,Receiver,41
U1351,-2.598,13.500,Local Voices,Receiver,29
U1352,-0.866,13.500,Mutual Aid,Receiver,46
U1353,0.866,13.500,Mutual Aid,Receiver,34
U1354,2.598,13.500,Mutual Aid,Receiver,22
U1355,4.330,13.500,Mutual Aid,Receiver,39
U1356,6.062,13.500,Mutual Aid,Receiver,27
U1357,7.794,13.500,Mutual Aid,Receiver,44
U1358,9.526,13.500,Mutual Aid,Receiver,32
U1359,11.258,13.500,Mutual Aid,Receiver,20
U1360,12.990,13.500,Mutual Aid,Receiver,37
U1361,14.722,13.500,Mutual Aid,Receiver,25
U1362,16.454,13.500,Mutual Aid,Receiver,42
U1363,18.187,13.500,Creative Commons,Receiver,30
U1364,19.919,13.500,Creative Commons,Receiver,18
U1365,21.651,13.500,Creative Commons,Receiver,35
U1366,23.383,13.500,Creative Commons,Receiver,23
U1367,25.115,13.500,Creative Commons,Receiver,40
U1368,26.847,13.500,Creative Commons,Receiver,28
U1369,28.579,13.500,Creative Commons,Receiver,45
U1370,30.311,13.500,Creative Commons,Receiver,33
U1371,32.043,13.500,Creative Commons,Receiver,21
U1372,33.775,13.500,Creative Commons,Receiver,38
U1373,35.507,13.500,Creative Commons,Receiver,26
U1374,-34.641,15.000,Media Watch,Receiver,43
U1375,-32.909,15.000,Media Watch,Receiver,31
U1376,-31.177,15.000,Media Watch,Receiver,19
U1377,-29.445,15.000,Media Watch,Receiver,36
U1378,-27.713,15.000,Media Watch,Receiver,24
U1379,-25.981,15.000,Media Watch,Receiver,41
U1380,-24.249,15.000,Media Watch,Receiver,29
U1381,-22.517,15.000,Media Watch,Receiver,46
U1382,-20.785,15.000,Media Watch,Receiver,34
U1383,-19.053,15.000,Media Watch,Receiver,22
U1384,-17.321,15.000,Media Watch,Receiver,39
U1385,-15.588,15.000,Media Watch,Receiver,27
U1386,-13.856,15.000,Media Watch,Receiver,44
U1387,-12.124,15.000,Media Watch,Receiver,32
U1388,-10.392,15.000,Media Watch,Receiver,20
U1389,-8.660,15.000,Local Voices,Receiver,37
U1390,-6.928,15.000,Local Voices,Receiver,25
U1391,-5.196,15.000,Local Voices,Receiver,42
U1392,-3.464,15.000,Mutual Aid,Receiver,30
U1393,-1.732,15.000,Mutual Aid,Receiver,18
U1394,0.000,15.000,Mutual Aid,Receiver,35
U1395,1.732,15.000,Mutual Aid,Receiver,23
U1396,3.464,15.000,Mutual Aid,Receiver,40
U1397,5.196,15.000,Mutual Aid,Receiver,28
U1398,6.928,15.000,Mutual Aid,Receiver,45
U1399,8.660,15.000,Mutual Aid,Receiver,33
U1400,10.392,15.000,Mutual Aid,Receiver,21
U1401,12.124,15.000,Mutual Aid,Receiver,38
U1402,13.856,15.000,Mutual Aid,Receiver,26
U1403,15.588,15.000,Mutual Aid,Receiver,43
U1404,17.321,15.000,Mutual Aid,Receiver,31
U1405,19.053,15.000,Mutual Aid,Receiver,19
U1406,20.785,15.000,Mutual Aid,Receiver,36
U1407,22.517,15.000,Mutual Aid,Receiver,24
U1408,24.249,15.000,Mutual Aid,Receiver,41
U1409,25.981,15.000,Mutual Aid,Receiver,29
U1410,27.713,15.000,Creative Commons,Receiver,46
U1411,29.445,15.000,Creative Commons,Receiver,34
U1412,31.177,15.000,Creative Commons,Receiver,22
U1413,32.909,15.000,Creative Commons,Receiver,39
U1414,-32.043,16.500,Media Watch,Receiver,27
U1415,-30.311,16.500,Media Watch,Receiver,44
U1416,-28.579,16.500,Media Watch,Receiver,32
U1417,-26.847,16.500,Media Watch,Receiver,20
U1418,-25.115,16.500,Media Watch,Receiver,37
U1419,-23.383,16.500,Media Watch,Receiver,25
U1420,-21.651,16.500,Media Watch,Receiver,42
U1421,-19.919,16.500,Media Watch,Receiver,30
U1422,-18.187,16.500,Media Watch,Receiver,18
U1423,-16.454,16.500,Media Watch,Receiver,35
U1424,-14.722,16.500,Media Watch,Receiver,23
U1425,-12.990,16.500,Media Watch,Receiver,40
U1426,-11.258,16.500,Media Watch,Receiver,28
U1427,-9.526,16.500,Media Watch,Receiver,45
U1428,-7.794,16.500,Media Watch,Receiver,33
U1429,-6.062,16.500,Media Watch,Receiver,21
U1430,-4.330,16.500,Media Watch,Receiver,38
U1431,-2.598,16.500,Mutual Aid,Receiver,26
U1432,-0.866,16.500,Mutual Aid,Receiver,43
U1433,0.866,16.500,Mutual Aid,Receiver,31
U1434,2.598,16.500,Mutual Aid,Receiver,19
U1435,4.330,16.500,Mutual Aid,Receiver,36
U1436,6.062,16.500,Mutual Aid,Receiver,24
U1437,7.794,16.500,Mutual Aid,Receiver,41
U1438,9.526,16.500,Mutual Aid,Receiver,29
U1439,11.258,16.500,Mutual Aid,Receiver,46
U1440,12.990,16.500,Mutual Aid,Receiver,34
U1441,14.722,16.500,Mutual Aid,Receiver,22
U1442,16.454,16.500,Mutual Aid,Receiver,39
U1443,18.187,16.500,Mutual Aid,Receiver,27
U1444,19.919,16.500,Mutual Aid,Receiver,44
U1445,21.651,16.500,Mutual Aid,Receiver,32
U1446,23.383,16.500,Mutual Aid,Receiver,20
U1447,25.115,16.500,Mutual Aid,Receiver,37
U1448,26.847,16.500,Mutual Aid,Receiver,25
U1449,28.579,16.500,Mutual Aid,Receiver,42
U1450,30.311,16.500,Mutual Aid,Receiver,30
U1451,32.043,16.500,Creative Commons,Receiver,18
U1452,33.775,16.500,Creative Commons,Receiver,35
U1453,35.507,16.500,Creative Commons,Receiver,23
U1454,-31.177,18.000,Media Watch,Receiver,40
U1455,-29.445,18.000,Media Watch,Receiver,28
U1456,-27.713,18.000,Media Watch,Receiver,45
U1457,-25.981,18.000,Media Watch,Receiver,33
U1458,-24.249,18.000,Media Watch,Receiver,21
U1459,-22.517,18.000,Media Watch,Receiver,38
U1460,-20.785,18.000,Media Watch,Receiver,26
U1461,-19.053,18.000,Media Watch,Receiver,43
U1462,-17.321,18.000,Media Watch,Receiver,31
U1463,-15.588,18.000,Media Watch,Receiver,19
U1464,-13.856,18.000,Media Watch,Receiver,36
U1465,-12.124,18.000,Media Watch,Receiver,24
U1466,-10.392,18.000,Media Watch,Receiver,41
U1467,-8.660,18.000,Media Watch,Receiver,29
U1468,-6.928,18.000,Media Watch,Receiver,46
U1469,-5.196,18.000,Media Watch,Receiver,34
U1470,-3.464,18.000,Mutual Aid,Receiver,22
U1471,-1.732,18.000,Mutual Aid,Receiver,39
U1472,0.000,18.000,Mutual Aid,Receiver,27
U1473,1.732,18.000,Mutual Aid,Receiver,44
U1474,3.464,18.000,Mutual Aid,Receiver,32
U1475,5.196,18.000,Mutual Aid,Receiver,20
U1476,6.928,18.000,Mutual Aid,Receiver,37
U1477,8.660,18.000,Mutual Aid,Receiver,25
U1478,10.392,18.000,Mutual Aid,Receiver,42
U1479,12.124,18.000,Mutual Aid,Receiver,30
U1480,13.856,18.000,Mutual Aid,Receiver,18
U1481,15.588,18.000,Mutual Aid,Receiver,35
U1482,17.321,18.000,Mutual Aid,Receiver,23
U1483,19.053,18.000,Mutual Aid,Receiver,40
U1484,20.785,18.000,Mutual Aid,Receiver,28
U1485,22.517,18.000,Mutual Aid,Receiver,45
U1486,24.249,18.000,Mutual Aid,Receiver,33
U1487,25.981,18.000,Mutual Aid,Receiver,21
U1488,27.713,18.000,Mutual Aid,Receiver,38
U1489,29.445,18.000,Mutual Aid,Receiver,26
U1490,31.177,18.000,Mutual Aid,Receiver,43
U1491,34.641,18.000,Creative Commons,Receiver,31
U1492,-32.043,19.500,Media Watch,Receiver,19
U1493,-28.579,19.500,Media Watch,Receiver,36
U1494,-26.847,19.500,Media Watch,Receiver,24
U1495,-25.115,19.500,Media Watch,Receiver,41
U1496,-23.383,19.500,Media Watch,Receiver,29
U1497,-21.651,19.500,Media Watch,Receiver,46
U1498,-19.919,19.500,Media Watch,Retweeter,72
U1499,-18.187,19.500,Media Watch,Retweeter,60
U1500,-16.454,19.500,Media Watch,Retweeter,77
U1501,-14.722,19.500,Media Watch,Receiver,27
U1502,-12.990,19.500,Media Watch,Receiver,44
U1503,-11.258,19.500,Media Watch,Receiver,32
U1504,-9.526,19.500,Media Watch,Receiver,20
U1505,-7.794,19.500,Media Watch,Receiver,37
U1506,-6.062,19.500,Media Watch,Receiver,25
U1507,-4.330,19.500,Media Watch,Receiver,42
U1508,-2.598,19.500,Mutual Aid,Receiver,30
U1509,-0.866,19.500,Mutual Aid,Receiver,18
U1510,0.866,19.500,Mutual Aid,Receiver,35
U1511,2.598,19.500,Mutual Aid,Receiver,23
U1512,4.330,19.500,Mutual Aid,Receiver,40
U1513,6.062,19.500,Mutual Aid,Receiver,28
U1514,7.794,19.500,Mutual Aid,Receiver,45
U1515,9.526,19.500,Mutual Aid,Receiver,33
U1516,11.258,19.500,Mutual Aid,Receiver,21
U1517,12.990,19.500,Mutual Aid,Retweeter,76
U1518,14.722,19.500,Mutual Aid,Retweeter,64
U1519,16.454,19.500,Mutual Aid,Retweeter,81
U1520,18.187,19.500,Mutual Aid,Receiver,31
U1521,19.919,19.500,Mutual Aid,Receiver,19
U1522,21.651,19.500,Mutual Aid,Receiver,36
U1523,23.383,19.500,Mutual Aid,Receiver,24
U1524,25.115,19.500,Mutual Aid,Receiver,41
U1525,26.847,19.500,Mutual Aid,Receiver,29
U1526,28.579,19.500,Mutual Aid,Receiver,46
U1527,30.311,19.500,Mutual Aid,Receiver,34
U1528,33.775,19.500,Creative Commons,Receiver,22
U1529,-29.445,21.000,Media Watch,Receiver,39
U1530,-27.713,21.000,Media Watch,Receiver,27
U1531,-25.981,21.000,Media Watch,Receiver,44
U1532,-24.249,21.000,Media Watch,Receiver,32
U1533,-22.517,21.000,Media Watch,Receiver,20
U1534,-20.785,21.000,Media Watch,Retweeter,75
U1535,-19.053,21.000,Media Watch,Retweeter,63
U1536,-17.321,21.000,Media Watch,Retweeter,80
U1537,-15.588,21.000,Media Watch,Retweeter,68
U1538,-13.856,21.000,Media Watch,Receiver,18
U1539,-12.124,21.000,Media Watch,Receiver,35
U1540,-10.392,21.000,Media Watch,Receiver,23
U1541,-8.660,21.000,Media Watch,Receiver,40
U1542,-6.928,21.000,Media Watch,Receiver,28
U1543,-5.196,21.000,Media Watch,Receiver,45
U1544,-3.464,21.000,Media Watch,Receiver,33
U1545,-1.732,21.000,Mutual Aid,Receiver,21
U1546,0.000,21.000,Mutual Aid,Receiver,38
U1547,1.732,21.000,Mutual Aid,Receiver,26
U1548,3.464,21.000,Mutual Aid,Receiver,43
U1549,5.196,21.000,Mutual Aid,Receiver,31
U1550,6.928,21.000,Mutual Aid,Receiver,19
U1551,8.660,21.000,Mutual Aid,Receiver,36
U1552,10.392,21.000,Mutual Aid,Receiver,24
U1553,12.124,21.000,Mutual Aid,Retweeter,79
U1554,13.856,21.000,Mutual Aid,Retweeter,67
U1555,15.588,21.000,Mutual Aid,Retweeter,84
U1556,17.321,21.000,Mutual Aid,Retweeter,72
U1557,19.053,21.000,Mutual Aid,Receiver,22
U1558,20.785,21.000,Mutual Aid,Receiver,39
U1559,22.517,21.000,Mutual Aid,Receiver,27
U1560,24.249,21.000,Mutual Aid,Receiver,44
U1561,25.981,21.000,Mutual Aid,Receiver,32
U1562,27.713,21.000,Mutual Aid,Receiver,20
U1563,29.445,21.000,Mutual Aid,Receiver,37
U1564,31.177,21.000,Mutual Aid,Receiver,25
U1565,-30.311,22.500,Media Watch,Receiver,42
U1566,-28.579,22.500,Media Watch,Receiver,30
U1567,-26.847,22.500,Media Watch,Receiver,18
U1568,-25.115,22.500,Media Watch,Receiver,35
U1569,-23.383,22.500,Media Watch,Receiver,23
U1570,-21.651,22.500,Media Watch,Retweeter,78
U1571,-19.919,22.500,Media Watch,Retweeter,66
U1572,-18.187,22.500,Media Watch,Opinion leader,117
U1573,-16.454,22.500,Media Watch,Retweeter,71
U1574,-14.722,22.500,Media Watch,Receiver,21
U1575,-12.990,22.500,Media Watch,Receiver,38
U1576,-11.258,22.500,Media Watch,Receiver,26
U1577,-9.526,22.500,Media Watch,Receiver,43
U1578,-7.794,22.500,Media Watch,Receiver,31
U1579,-6.062,22.500,Media Watch,Receiver,19
U1580,-4.330,22.500,Media Watch,Receiver,36
U1581,-2.598,22.500,Media Watch,Receiver,24
U1582,-0.866,22.500,Mutual Aid,Receiver,41
U1583,0.866,22.500,Mutual Aid,Receiver,29
U1584,2.598,22.500,Mutual Aid,Receiver,46
U1585,4.330,22.500,Mutual Aid,Receiver,34
U1586,6.062,22.500,Mutual Aid,Receiver,22
U1587,7.794,22.500,Mutual Aid,Receiver,39
U1588,9.526,22.500,Mutual Aid,Receiver,27
U1589,11.258,22.500,Mutual Aid,Receiver,44
U1590,12.990,22.500,Mutual Aid,Retweeter,70
U1591,14.722,22.500,Mutual Aid,Opinion leader,92
U1592,16.454,22.500,Mutual Aid,Retweeter,75
U1593,18.187,22.500,Mutual Aid,Receiver,25
U1594,19.919,22.500,Mutual Aid,Receiver,42
U1595,21.651,22.500,Mutual Aid,Receiver,30
U1596,23.383,22.500,Mutual Aid,Receiver,18
U1597,25.115,22.500,Mutual Aid,Receiver,35
U1598,26.847,22.500,Mutual Aid,Receiver,23
U1599,28.579,22.500,Mutual Aid,Receiver,40
U1600,-29.445,24.000,Media Watch,Receiver,28
U1601,-25.981,24.000,Media Watch,Receiver,45
U1602,-24.249,24.000,Media Watch,Receiver,33
U1603,-22.517,24.000,Media Watch,Receiver,21
U1604,-20.785,24.000,Media Watch,Retweeter,76
U1605,-19.053,24.000,Media Watch,Retweeter,64
U1606,-17.321,24.000,Media Watch,Retweeter,81
U1607,-15.588,24.000,Media Watch,Retweeter,69
U1608,-13.856,24.000,Media Watch,Receiver,19
U1609,-12.124,24.000,Media Watch,Receiver,36
U1610,-10.392,24.000,Media Watch,Receiver,24
U1611,-8.660,24.000,Media Watch,Receiver,41
U1612,-6.928,24.000,Media Watch,Receiver,29
U1613,-5.196,24.000,Media Watch,Receiver,46
U1614,-3.464,24.000,Media Watch,Receiver,34
U1615,-1.732,24.000,Media Watch,Receiver,22
U1616,0.000,24.000,Mutual Aid,Receiver,39
U1617,1.732,24.000,Mutual Aid,Receiver,27
U1618,3.464,24.000,Mutual Aid,Receiver,44
U1619,5.196,24.000,Mutual Aid,Receiver,32
U1620,6.928,24.000,Mutual Aid,Receiver,20
U1621,8.660,24.000,Mutual Aid,Receiver,37
U1622,10.392,24.000,Mutual Aid,Receiver,25
U1623,12.124,24.000,Mutual Aid,Retweeter,80
U1624,13.856,24.000,Mutual Aid,Retweeter,68
U1625,15.588,24.000,Mutual Aid,Retweeter,56
U1626,17.321,24.000,Mutual Aid,Retweeter,73
U1627,19.053,24.000,Mutual Aid,Receiver,23
U1628,20.785,24.000,Mutual Aid,Receiver,40
U1629,22.517,24.000,Mutual Aid,Receiver,28
U1630,24.249,24.000,Mutual Aid,Receiver,45
U1631,25.981,24.000,Mutual Aid,Receiver,33
U1632,27.713,24.000,Mutual Aid,Receiver,21
U1633,29.445,24.000,Mutual Aid,Receiver,38
U1634,-28.579,25.500,Media Watch,Receiver,26
U1635,-25.115,25.500,Media Watch,Receiver,43
U1636,-23.383,25.500,Media Watch,Receiver,31
U1637,-21.651,25.500,Media Watch,Receiver,19
U1638,-19.919,25.500,Media Watch,Retweeter,74
U1639,-18.187,25.500,Media Watch,Retweeter,62
U1640,-16.454,25.500,Media Watch,Receiver,41
U1641,-14.722,25.500,Media Watch,Receiver,29
U1642,-12.990,25.500,Media Watch,Receiver,46
U1643,-11.258,25.500,Media Watch,Receiver,34
U1644,-9.526,25.500,Media Watch,Receiver,22
U1645,-7.794,25.500,Media Watch,Receiver,39
U1646,-6.062,25.500,Media Watch,Receiver,27
U1647,-4.330,25.500,Media Watch,Receiver,44
U1648,-2.598,25.500,Media Watch,Receiver,32
U1649,-0.866,25.500,Mutual Aid,Receiver,20
U1650,0.866,25.500,Mutual Aid,Receiver,37
U1651,2.598,25.500,Mutual Aid,Receiver,25
U1652,4.330,25.500,Mutual Aid,Receiver,42
U1653,6.062,25.500,Mutual Aid,Receiver,30
U1654,7.794,25.500,Mutual Aid,Receiver,18
U1655,9.526,25.500,Mutual Aid,Receiver,35
U1656,11.258,25.500,Mutual Aid,Receiver,23
U1657,12.990,25.500,Mutual Aid,Retweeter,78
U1658,14.722,25.500,Mutual Aid,Retweeter,66
U1659,16.454,25.500,Mutual Aid,Retweeter,83
U1660,18.187,25.500,Mutual Aid,Receiver,33
U1661,19.919,25.500,Mutual Aid,Receiver,21
U1662,21.651,25.500,Mutual Aid,Receiver,38
U1663,23.383,25.500,Mutual Aid,Receiver,26
U1664,25.115,25.500,Mutual Aid,Receiver,43
U1665,26.847,25.500,Mutual Aid,Receiver,31
U1666,28.579,25.500,Mutual Aid,Receiver,19
U1667,-27.713,27.000,Media Watch,Receiver,36
U1668,-25.981,27.000,Media Watch,Receiver,24
U1669,-24.249,27.000,Media Watch,Receiver,41
U1670,-22.517,27.000,Media Watch,Receiver,29
U1671,-20.785,27.000,Media Watch,Receiver,46
U1672,-19.053,27.000,Media Watch,Receiver,34
U1673,-17.321,27.000,Media Watch,Receiver,22
U1674,-15.588,27.000,Media Watch,Receiver,39
U1675,-13.856,27.000,Media Watch,Receiver,27
U1676,-12.124,27.000,Media Watch,Receiver,44
U1677,-10.392,27.000,Media Watch,Receiver,32
U1678,-8.660,27.000,Media Watch,Receiver,20
U1679,-6.928,27.000,Media Watch,Receiver,37
U1680,-5.196,27.000,Media Watch,Receiver,25
U1681,-3.464,27.000,Media Watch,Receiver,42
U1682,-1.732,27.000,Media Watch,Receiver,30
U1683,0.000,27.000,Mutual Aid,Receiver,18
U1684,1.732,27.000,Mutual Aid,Receiver,35
U1685,3.464,27.000,Mutual Aid,Receiver,23
U1686,5.196,27.000,Mutual Aid,Receiver,40
U1687,6.928,27.000,Mutual Aid,Receiver,28
U1688,8.660,27.000,Mutual Aid,Receiver,45
U1689,10.392,27.000,Mutual Aid,Receiver,33
U1690,12.124,27.000,Mutual Aid,Receiver,21
U1691,13.856,27.000,Mutual Aid,Receiver,38
U1692,15.588,27.000,Mutual Aid,Receiver,26
U1693,17.321,27.000,Mutual Aid,Receiver,43
U1694,19.053,27.000,Mutual Aid,Receiver,31
U1695,20.785,27.000,Mutual Aid,Receiver,19
U1696,22.517,27.000,Mutual Aid,Receiver,36
U1697,24.249,27.000,Mutual Aid,Receiver,24
U1698,25.981,27.000,Mutual Aid,Receiver,41
U1699,27.713,27.000,Mutual Aid,Receiver,29
U1700,29.445,27.000,Mutual Aid,Receiver,46
U1701,-28.579,28.500,Media Watch,Receiver,34
U1702,-26.847,28.500,Media Watch,Receiver,22
U1703,-25.115,28.500,Media Watch,Receiver,39
U1704,-23.383,28.500,Media Watch,Receiver,27
U1705,-21.651,28.500,Media Watch,Receiver,44
U1706,-19.919,28.500,Media Watch,Receiver,32
U1707,-18.187,28.500,Media Watch,Receiver,20
U1708,-16.454,28.500,Media Watch,Receiver,37
U1709,-14.722,28.500,Media Watch,Receiver,25
U1710,-12.990,28.500,Media Watch,Receiver,42
U1711,-11.258,28.500,Media Watch,Receiver,30
U1712,-9.526,28.500,Media Watch,Receiver,18
U1713,-7.794,28.500,Media Watch,Receiver,35
U1714,-6.062,28.500,Media Watch,Receiver,23
U1715,-4.330,28.500,Media Watch,Receiver,40
U1716,-2.598,28.500,Media Watch,Receiver,28
U1717,-0.866,28.500,Media Watch,Receiver,45
U1718,0.866,28.500,Mutual Aid,Receiver,33
U1719,2.598,28.500,Mutual Aid,Receiver,21
U1720,4.330,28.500,Mutual Aid,Receiver,38
U1721,6.062,28.500,Mutual Aid,Receiver,26
U1722,7.794,28.500,Mutual Aid,Receiver,43
U1723,9.526,28.500,Mutual Aid,Receiver,31
U1724,11.258,28.500,Mutual Aid,Receiver,19
U1725,12.990,28.500,Mutual Aid,Receiver,36
U1726,14.722,28.500,Mutual Aid,Receiver,24
U1727,16.454,28.500,Mutual Aid,Receiver,41
U1728,18.187,28.500,Mutual Aid,Receiver,29
U1729,19.919,28.500,Mutual Aid,Receiver,46
U1730,21.651,28.500,Mutual Aid,Receiver,34
U1731,23.383,28.500,Mutual Aid,Receiver,22
U1732,25.115,28.500,Mutual Aid,Receiver,39
U1733,-24.249,30.000,Media Watch,Receiver,27
U1734,-22.517,30.000,Media Watch,Receiver,44
U1735,-20.785,30.000,Media Watch,Receiver,32
U1736,-19.053,30.000,Media Watch,Receiver,20
U1737,-17.321,30.000,Media Watch,Receiver,37
U1738,-15.588,30.000,Media Watch,Receiver,25
U1739,-13.856,30.000,Media Watch,Receiver,42
U1740,-12.124,30.000,Media Watch,Receiver,30
U1741,-10.392,30.000,Media Watch,Receiver,18
U1742,-8.660,30.000,Media Watch,Receiver,35
U1743,-6.928,30.000,Media Watch,Receiver,23
U1744,-5.196,30.000,Media Watch,Receiver,40
U1745,-3.464,30.000,Media Watch,Receiver,28
U1746,-1.732,30.000,Media Watch,Receiver,45
U1747,0.000,30.000,Mutual Aid,Receiver,33
U1748,1.732,30.000,Mutual Aid,Receiver,21
U1749,3.464,30.000,Mutual Aid,Receiver,38
U1750,5.196,30.000,Mutual Aid,Receiver,26
U1751,6.928,30.000,Mutual Aid,Receiver,43
U1752,8.660,30.000,Mutual Aid,Receiver,31
U1753,10.392,30.000,Mutual Aid,Receiver,19
U1754,12.124,30.000,Mutual Aid,Receiver,36
U1755,13.856,30.000,Mutual Aid,Receiver,24
U1756,15.588,30.000,Mutual Aid,Receiver,41
U1757,17.321,30.000,Mutual Aid,Receiver,29
U1758,19.053,30.000,Mutual Aid,Receiver,46
U1759,20.785,30.000,Mutual Aid,Receiver,34
U1760,22.517,30.000,Mutual Aid,Receiver,22
U1761,24.249,30.000,Mutual Aid,Receiver,39
U1762,25.981,30.000,Mutual Aid,Receiver,27
U1763,-23.383,31.500,Media Watch,Receiver,44
U1764,-21.651,31.500,Media Watch,Receiver,32
U1765,-19.919,31.500,Media Watch,Receiver,20
U1766,-18.187,31.500,Media Watch,Receiver,37
U1767,-16.454,31.500,Media Watch,Receiver,25
U1768,-14.722,31.500,Media Watch,Receiver,42
U1769,-12.990,31.500,Media Watch,Receiver,30
U1770,-11.258,31.500,Media Watch,Receiver,18
U1771,-9.526,31.500,Media Watch,Receiver,35
U1772,-7.794,31.500,Media Watch,Receiver,23
U1773,-6.062,31.500,Media Watch,Receiver,40
U1774,-4.330,31.500,Media Watch,Receiver,28
U1775,-2.598,31.500,Media Watch,Receiver,45
U1776,-0.866,31.500,Media Watch,Receiver,33
U1777,0.866,31.500,Mutual Aid,Receiver,21
U1778,2.598,31.500,Mutual Aid,Receiver,38
U1779,4.330,31.500,Mutual Aid,Receiver,26
U1780,6.062,31.500,Mutual Aid,Receiver,43
U1781,7.794,31.500,Mutual Aid,Receiver,31
U1782,9.526,31.500,Mutual Aid,Receiver,19
U1783,11.258,31.500,Mutual Aid,Receiver,36
U1784,12.990,31.500,Mutual Aid,Receiver,24
U1785,14.722,31.500,Mutual Aid,Receiver,41
U1786,16.454,31.500,Mutual Aid,Receiver,29
U1787,18.187,31.500,Mutual Aid,Receiver,46
U1788,19.919,31.500,Mutual Aid,Receiver,34
U1789,21.651,31.500,Mutual Aid,Receiver,22
U1790,23.383,31.500,Mutual Aid,Receiver,39
U1791,25.115,31.500,Mutual Aid,Receiver,27
U1792,-24.249,33.000,Media Watch,Receiver,44
U1793,-22.517,33.000,Media Watch,Receiver,32
U1794,-20.785,33.000,Media Watch,Receiver,20
U1795,-19.053,33.000,Media Watch,Receiver,37
U1796,-17.321,33.000,Media Watch,Receiver,25
U1797,-15.588,33.000,Media Watch,Receiver,42
U1798,-13.856,33.000,Media Watch,Receiver,30
U1799,-12.124,33.000,Media Watch,Receiver,18
U1800,-10.392,33.000,Media Watch,Receiver,35
U1801,-8.660,33.000,Media Watch,Receiver,23
U1802,-6.928,33.000,Media Watch,Receiver,40
U1803,-5.196,33.000,Media Watch,Receiver,28
U1804,-3.464,33.000,Media Watch,Receiver,45
U1805,-1.732,33.000,Media Watch,Receiver,33
U1806,0.000,33.000,Media Watch,Receiver,21
U1807,1.732,33.000,Mutual Aid,Receiver,38
U1808,3.464,33.000,Mutual Aid,Receiver,26
U1809,5.196,33.000,Mutual Aid,Receiver,43
U1810,6.928,33.000,Mutual Aid,Receiver,31
U1811,8.660,33.000,Mutual Aid,Receiver,19
U1812,10.392,33.000,Mutual Aid,Receiver,36
U1813,12.124,33.000,Mutual Aid,Receiver,24
U1814,13.856,33.000,Mutual Aid,Receiver,41
U1815,15.588,33.000,Mutual Aid,Receiver,29
U1816,17.321,33.000,Mutual Aid,Receiver,46
U1817,19.053,33.000,Mutual Aid,Receiver,34
U1818,20.785,33.000,Mutual Aid,Receiver,22
U1819,22.517,33.000,Mutual Aid,Receiver,39
U1820,25.981,33.000,Mutual Aid,Receiver,27
U1821,-25.115,34.500,Media Watch,Receiver,44
U1822,-21.651,34.500,Media Watch,Receiver,32
U1823,-19.919,34.500,Media Watch,Receiver,20
U1824,-18.187,34.500,Media Watch,Receiver,37
U1825,-16.454,34.500,Media Watch,Receiver,25
U1826,-14.722,34.500,Media Watch,Receiver,42
U1827,-12.990,34.500,Media Watch,Receiver,30
U1828,-11.258,34.500,Media Watch,Receiver,18
U1829,-9.526,34.500,Media Watch,Receiver,35
U1830,-7.794,34.500,Media Watch,Receiver,23
U1831,-6.062,34.500,Media Watch,Receiver,40
U1832,-4.330,34.500,Media Watch,Receiver,28
U1833,-2.598,34.500,Media Watch,Receiver,45
U1834,-0.866,34.500,Media Watch,Receiver,33
U1835,0.866,34.500,Mutual Aid,Receiver,21
U1836,2.598,34.500,Mutual Aid,Receiver,38
U1837,4.330,34.500,Mutual Aid,Receiver,26
U1838,6.062,34.500,Mutual Aid,Receiver,43
U1839,7.794,34.500,Mutual Aid,Receiver,31
U1840,9.526,34.500,Mutual Aid,Receiver,19
U1841,11.258,34.500,Mutual Aid,Receiver,36
U1842,12.990,34.500,Mutual Aid,Receiver,24
U1843,14.722,34.500,Mutual Aid,Receiver,41
U1844,16.454,34.500,Mutual Aid,Receiver,29
U1845,18.187,34.500,Mutual Aid,Receiver,46
U1846,19.919,34.500,Mutual Aid,Receiver,34
U1847,21.651,34.500,Mutual Aid,Receiver,22
U1848,-19.053,36.000,Media Watch,Receiver,39
U1849,-17.321,36.000,Media Watch,Receiver,27
U1850,-15.588,36.000,Media Watch,Receiver,44
U1851,-12.124,36.000,Media Watch,Receiver,32
U1852,-10.392,36.000,Media Watch,Receiver,20
U1853,-8.660,36.000,Media Watch,Receiver,37
U1854,-6.928,36.000,Media Watch,Receiver,25
U1855,-5.196,36.000,Media Watch,Receiver,42
U1856,-3.464,36.000,Media Watch,Receiver,30
U1857,3.464,36.000,Mutual Aid,Receiver,18
U1858,5.196,36.000,Mutual Aid,Receiver,35
U1859,6.928,36.000,Mutual Aid,Receiver,23
U1860,8.660,36.000,Mutual Aid,Receiver,40
U1861,10.392,36.000,Mutual Aid,Receiver,28
U1862,12.124,36.000,Mutual Aid,Receiver,45
U1863,13.856,36.000,Mutual Aid,Receiver,33
U1864,15.588,36.000,Mutual Aid,Receiver,21
U1865,17.321,36.000,Mutual Aid,Receiver,38
U1866,19.053,36.000,Mutual Aid,Receiver,26
U1867,20.785,36.000,Mutual Aid,Receiver,43
U1868,22.517,36.000,Mutual Aid,Receiver,31
U1869,-19.919,37.500,Media Watch,Receiver,19
U1870,-18.187,37.500,Media Watch,Receiver,36
U1871,-16.454,37.500,Media Watch,Receiver,24
U1872,-14.722,37.500,Media Watch,Receiver,41
U1873,-12.990,37.500,Media Watch,Receiver,29
U1874,-6.062,37.500,Media Watch,Receiver,46
U1875,-4.330,37.500,Media Watch,Receiver,34
U1876,4.330,37.500,Mutual Aid,Receiver,22
U1877,9.526,37.500,Mutual Aid,Receiver,39
U1878,11.258,37.500,Mutual Aid,Receiver,27
U1879,12.990,37.500,Mutual Aid,Receiver,44
U1880,19.919,37.500,Mutual Aid,Receiver,32
U1881,21.651,37.500,Mutual Aid,Receiver,20
