node_id,parent_id,label,month,weight,metric_1,metric_2,metric_3,metric_4,metric_5
root,,Global,2025-01,100,104,53,14,105,10
root,,Global,2025-02,100,84,55,15,110,15
root,,Global,2025-03,100,129,38,24,115,19
root,,Global,2025-04,100,162,25,62,122,22
root,,Global,2025-05,100,207,25,18,148,36
root,,Global,2025-06,100,330,28,30,103,45
root,,Global,2025-07,100,373,23,16,178,58
root,,Global,2025-08,100,303,26,64,87,92
root,,Global,2025-09,100,252,34,26,116,70
root,,Global,2025-10,100,151,50,18,188,27
root,,Global,2025-11,100,92,58,75,94,21
root,,Global,2025-12,100,86,62,18,125,12
north,root,North,2025-01,54,17,35,9,31,4
north,root,North,2025-02,54,19,36,13,33,5
north,root,North,2025-03,54,29,25,15,35,6
north,root,North,2025-04,54,49,16,38,27,8
north,root,North,2025-05,54,46,16,11,45,12
north,root,North,2025-06,54,73,14,18,31,15
north,root,North,2025-07,54,83,15,10,72,20
north,root,North,2025-08,54,67,17,39,26,32
north,root,North,2025-09,54,56,30,16,35,18
north,root,North,2025-10,54,34,33,11,57,9
north,root,North,2025-11,54,20,38,34,28,7
north,root,North,2025-12,54,19,41,11,38,6
south,root,South,2025-01,46,37,30,11,36,5
south,root,South,2025-02,46,40,32,12,38,7
south,root,South,2025-03,46,62,22,19,40,13
south,root,South,2025-04,46,77,14,47,31,11
south,root,South,2025-05,46,99,14,18,51,18
south,root,South,2025-06,46,157,12,23,36,22
south,root,South,2025-07,46,240,14,12,62,29
south,root,South,2025-08,46,144,15,49,30,45
south,root,South,2025-09,46,120,19,20,40,25
south,root,South,2025-10,46,72,29,14,88,13
south,root,South,2025-11,46,44,34,43,33,10
south,root,South,2025-12,46,41,49,14,43,6
north_a,north,North A,2025-01,18,9,10,1,18,1
north_a,north,North A,2025-02,18,10,10,1,14,1
north_a,north,North A,2025-03,18,15,9,2,15,1
north_a,north,North A,2025-04,18,18,5,5,12,2
north_a,north,North A,2025-05,18,23,5,1,19,3
north_a,north,North A,2025-06,18,37,4,2,14,5
north_a,north,North A,2025-07,18,42,4,1,23,5
north_a,north,North A,2025-08,18,34,5,7,11,7
north_a,north,North A,2025-09,18,29,6,2,15,4
north_a,north,North A,2025-10,18,23,9,1,25,2
north_a,north,North A,2025-11,18,10,11,4,12,2
north_a,north,North A,2025-12,18,10,11,1,16,1
north_b,north,North B,2025-01,20,20,13,7,31,2
north_b,north,North B,2025-02,20,16,14,7,32,2
north_b,north,North B,2025-03,20,25,10,11,34,3
north_b,north,North B,2025-04,20,32,6,29,36,4
north_b,north,North B,2025-05,20,40,6,8,43,6
north_b,north,North B,2025-06,20,64,7,14,30,7
north_b,north,North B,2025-07,20,73,6,7,52,10
north_b,north,North B,2025-08,20,59,7,30,26,15
north_b,north,North B,2025-09,20,49,8,12,34,12
north_b,north,North B,2025-10,20,29,13,9,55,4
north_b,north,North B,2025-11,20,18,15,36,28,3
north_b,north,North B,2025-12,20,17,16,9,37,2
north_c,north,North C,2025-01,16,9,14,2,10,1
north_c,north,North C,2025-02,16,10,14,3,10,1
north_c,north,North C,2025-03,16,16,10,3,11,2
north_c,north,North C,2025-04,16,27,6,8,8,2
north_c,north,North C,2025-05,16,25,6,2,14,3
north_c,north,North C,2025-06,16,40,5,4,10,4
north_c,north,North C,2025-07,16,45,6,2,23,5
north_c,north,North C,2025-08,16,37,7,9,8,7
north_c,north,North C,2025-09,16,31,12,4,11,4
north_c,north,North C,2025-10,16,18,13,3,18,2
north_c,north,North C,2025-11,16,11,15,8,9,2
north_c,north,North C,2025-12,16,10,16,2,12,1
south_a,south,South A,2025-01,14,7,10,2,13,1
south_a,south,South A,2025-02,14,8,11,3,14,2
south_a,south,South A,2025-03,14,12,7,4,15,3
south_a,south,South A,2025-04,14,15,5,10,12,2
south_a,south,South A,2025-05,14,19,5,4,19,4
south_a,south,South A,2025-06,14,30,4,5,13,5
south_a,south,South A,2025-07,14,45,5,3,23,6
south_a,south,South A,2025-08,14,27,5,11,11,9
south_a,south,South A,2025-09,14,23,6,4,15,5
south_a,south,South A,2025-10,14,14,10,3,32,3
south_a,south,South A,2025-11,14,8,11,9,12,2
south_a,south,South A,2025-12,14,8,16,3,16,1
south_b,south,South B,2025-01,17,6,10,2,20,1
south_b,south,South B,2025-02,17,7,10,2,16,2
south_b,south,South B,2025-03,17,11,9,3,16,2
south_b,south,South B,2025-04,17,14,5,8,13,3
south_b,south,South B,2025-05,17,18,5,2,21,4
south_b,south,South B,2025-06,17,28,4,4,15,7
south_b,south,South B,2025-07,17,32,4,2,25,7
south_b,south,South B,2025-08,17,26,5,12,12,11
south_b,south,South B,2025-09,17,21,6,4,17,6
south_b,south,South B,2025-10,17,17,9,2,27,3
south_b,south,South B,2025-11,17,8,11,8,13,3
south_b,south,South B,2025-12,17,7,11,2,18,2
south_c,south,South C,2025-01,15,17,9,3,15,2
south_c,south,South C,2025-02,15,14,10,3,16,2
south_c,south,South C,2025-03,15,22,7,5,17,3
south_c,south,South C,2025-04,15,27,4,12,18,4
south_c,south,South C,2025-05,15,35,4,3,22,6
south_c,south,South C,2025-06,15,55,5,6,15,7
south_c,south,South C,2025-07,15,63,4,3,26,10
south_c,south,South C,2025-08,15,51,5,12,13,15
south_c,south,South C,2025-09,15,42,6,5,17,12
south_c,south,South C,2025-10,15,25,9,4,28,4
south_c,south,South C,2025-11,15,15,10,14,14,3
south_c,south,South C,2025-12,15,14,11,3,18,2
north_a_1,north_a,North A 1,2025-01,9,2,4,1,4,1
north_a_1,north_a,North A 1,2025-02,9,2,4,1,4,1
north_a_1,north_a,North A 1,2025-03,9,4,3,2,4,1
north_a_1,north_a,North A 1,2025-04,9,6,2,4,3,1
north_a_1,north_a,North A 1,2025-05,9,6,2,1,6,2
north_a_1,north_a,North A 1,2025-06,9,9,2,2,4,2
north_a_1,north_a,North A 1,2025-07,9,10,2,1,9,3
north_a_1,north_a,North A 1,2025-08,9,8,2,4,3,4
north_a_1,north_a,North A 1,2025-09,9,7,4,2,4,2
north_a_1,north_a,North A 1,2025-10,9,4,4,1,7,1
north_a_1,north_a,North A 1,2025-11,9,3,5,4,4,1
north_a_1,north_a,North A 1,2025-12,9,2,5,1,5,1
north_a_2,north_a,North A 2,2025-01,9,8,7,2,9,1
north_a_2,north_a,North A 2,2025-02,9,9,8,2,9,2
north_a_2,north_a,North A 2,2025-03,9,14,5,3,10,3
north_a_2,north_a,North A 2,2025-04,9,17,3,9,8,2
north_a_2,north_a,North A 2,2025-05,9,22,4,3,12,4
north_a_2,north_a,North A 2,2025-06,9,35,3,4,9,5
north_a_2,north_a,North A 2,2025-07,9,54,3,2,15,6
north_a_2,north_a,North A 2,2025-08,9,33,4,9,7,10
north_a_2,north_a,North A 2,2025-09,9,27,5,4,10,6
north_a_2,north_a,North A 2,2025-10,9,16,7,3,21,3
north_a_2,north_a,North A 2,2025-11,9,10,8,8,8,2
north_a_2,north_a,North A 2,2025-12,9,9,12,3,10,1
north_b_1,north_b,North B 1,2025-01,11,7,6,1,14,1
north_b_1,north_b,North B 1,2025-02,11,8,6,1,11,1
north_b_1,north_b,North B 1,2025-03,11,12,6,2,12,1
north_b_1,north_b,North B 1,2025-04,11,15,3,5,9,1
north_b_1,north_b,North B 1,2025-05,11,19,3,1,15,2
north_b_1,north_b,North B 1,2025-06,11,30,2,2,10,3
north_b_1,north_b,North B 1,2025-07,11,34,3,1,18,3
north_b_1,north_b,North B 1,2025-08,11,28,3,7,9,5
north_b_1,north_b,North B 1,2025-09,11,23,4,2,12,3
north_b_1,north_b,North B 1,2025-10,11,19,6,1,19,1
north_b_1,north_b,North B 1,2025-11,11,8,6,4,9,1
north_b_1,north_b,North B 1,2025-12,11,8,7,1,13,1
north_b_2,north_b,North B 2,2025-01,9,10,7,3,15,1
north_b_2,north_b,North B 2,2025-02,9,8,7,3,15,1
north_b_2,north_b,North B 2,2025-03,9,12,5,5,16,2
north_b_2,north_b,North B 2,2025-04,9,15,3,14,17,2
north_b_2,north_b,North B 2,2025-05,9,19,3,4,21,3
north_b_2,north_b,North B 2,2025-06,9,31,4,7,14,4
north_b_2,north_b,North B 2,2025-07,9,35,3,3,25,5
north_b_2,north_b,North B 2,2025-08,9,28,4,14,12,8
north_b_2,north_b,North B 2,2025-09,9,24,5,6,16,6
north_b_2,north_b,North B 2,2025-10,9,14,7,4,26,2
north_b_2,north_b,North B 2,2025-11,9,9,8,17,13,2
north_b_2,north_b,North B 2,2025-12,9,8,8,4,17,1
south_b_1,south_b,South B 1,2025-01,8,3,4,1,5,1
south_b_1,south_b,South B 1,2025-02,8,4,4,1,5,1
south_b_1,south_b,South B 1,2025-03,8,6,3,1,6,1
south_b_1,south_b,South B 1,2025-04,8,10,2,3,4,1
south_b_1,south_b,South B 1,2025-05,8,9,2,1,7,1
south_b_1,south_b,South B 1,2025-06,8,15,2,1,5,1
south_b_1,south_b,South B 1,2025-07,8,17,2,1,12,2
south_b_1,south_b,South B 1,2025-08,8,14,2,3,4,3
south_b_1,south_b,South B 1,2025-09,8,11,4,1,6,2
south_b_1,south_b,South B 1,2025-10,8,7,4,1,9,1
south_b_1,south_b,South B 1,2025-11,8,4,5,3,5,1
south_b_1,south_b,South B 1,2025-12,8,4,5,1,6,1
south_b_2,south_b,South B 2,2025-01,9,4,5,1,6,1
south_b_2,south_b,South B 2,2025-02,9,4,6,1,6,1
south_b_2,south_b,South B 2,2025-03,9,7,4,2,6,1
south_b_2,south_b,South B 2,2025-04,9,9,3,4,5,1
south_b_2,south_b,South B 2,2025-05,9,11,3,2,8,2
south_b_2,south_b,South B 2,2025-06,9,17,2,2,6,2
south_b_2,south_b,South B 2,2025-07,9,27,2,1,10,3
south_b_2,south_b,South B 2,2025-08,9,16,3,4,5,4
south_b_2,south_b,South B 2,2025-09,9,13,3,2,6,2
south_b_2,south_b,South B 2,2025-10,9,8,5,1,14,1
south_b_2,south_b,South B 2,2025-11,9,5,6,4,5,1
south_b_2,south_b,South B 2,2025-12,9,5,9,1,7,1
