node_id,label,week,energy_source,generation_gwh
North,North,2025-01-01,Solar,9.7
North,North,2025-01-01,Wind,28.1
North,North,2025-01-01,Hydro,16.2
North,North,2025-01-08,Solar,45.3
North,North,2025-01-08,Wind,64.0
North,North,2025-01-08,Hydro,21.4
North,North,2025-01-15,Solar,49.2
North,North,2025-01-15,Wind,65.5
North,North,2025-01-15,Hydro,19.1
North,North,2025-01-22,Solar,52.2
North,North,2025-01-22,Wind,66.4
North,North,2025-01-22,Hydro,17.3
North,North,2025-01-29,Solar,54.1
North,North,2025-01-29,Wind,66.7
North,North,2025-01-29,Hydro,16.3
North,North,2025-02-05,Solar,54.9
North,North,2025-02-05,Wind,66.3
North,North,2025-02-05,Hydro,16.2
North,North,2025-02-12,Solar,54.5
North,North,2025-02-12,Wind,65.3
North,North,2025-02-12,Hydro,17.1
North,North,2025-02-19,Solar,52.9
North,North,2025-02-19,Wind,63.8
North,North,2025-02-19,Hydro,18.9
North,North,2025-02-26,Solar,26.5
North,North,2025-02-26,Wind,44.9
North,North,2025-02-26,Hydro,30.6
North,North,2025-03-05,Solar,47.1
North,North,2025-03-05,Wind,59.7
North,North,2025-03-05,Hydro,24.7
North,North,2025-03-12,Solar,43.3
North,North,2025-03-12,Wind,57.4
North,North,2025-03-12,Hydro,28.5
North,North,2025-03-19,Solar,39.3
North,North,2025-03-19,Wind,55.0
North,North,2025-03-19,Hydro,32.5
North,North,2025-03-26,Solar,35.3
North,North,2025-03-26,Wind,52.5
North,North,2025-03-26,Hydro,36.6
North,North,2025-04-02,Solar,31.5
North,North,2025-04-02,Wind,50.2
North,North,2025-04-02,Hydro,40.5
North,North,2025-04-09,Solar,28.1
North,North,2025-04-09,Wind,48.0
North,North,2025-04-09,Hydro,44.3
North,North,2025-04-16,Solar,25.2
North,North,2025-04-16,Wind,45.9
North,North,2025-04-16,Hydro,47.6
North,North,2025-04-23,Solar,62.2
North,North,2025-04-23,Wind,41.4
North,North,2025-04-23,Hydro,44.4
North,North,2025-04-30,Solar,21.6
North,North,2025-04-30,Wind,42.4
North,North,2025-04-30,Hydro,52.8
North,North,2025-05-07,Solar,20.9
North,North,2025-05-07,Wind,40.8
North,North,2025-05-07,Hydro,54.4
North,North,2025-05-14,Solar,21.0
North,North,2025-05-14,Wind,39.5
North,North,2025-05-14,Hydro,55.3
North,North,2025-05-21,Solar,21.9
North,North,2025-05-21,Wind,38.2
North,North,2025-05-21,Hydro,55.4
North,North,2025-05-28,Solar,23.4
North,North,2025-05-28,Wind,37.0
North,North,2025-05-28,Hydro,54.7
North,North,2025-06-04,Solar,25.4
North,North,2025-06-04,Wind,35.9
North,North,2025-06-04,Hydro,53.3
North,North,2025-06-11,Solar,27.8
North,North,2025-06-11,Wind,34.8
North,North,2025-06-11,Hydro,51.1
North,North,2025-06-18,Solar,23.6
North,North,2025-06-18,Wind,29.6
North,North,2025-06-18,Hydro,22.8
North,North,2025-06-25,Solar,32.8
North,North,2025-06-25,Wind,32.7
North,North,2025-06-25,Hydro,45.1
North,North,2025-07-02,Solar,34.9
North,North,2025-07-02,Wind,31.6
North,North,2025-07-02,Hydro,41.7
North,North,2025-07-09,Solar,36.5
North,North,2025-07-09,Wind,30.6
North,North,2025-07-09,Hydro,38.2
North,North,2025-07-16,Solar,37.4
North,North,2025-07-16,Wind,29.5
North,North,2025-07-16,Hydro,34.8
North,North,2025-07-23,Solar,37.5
North,North,2025-07-23,Wind,28.5
North,North,2025-07-23,Hydro,31.8
North,North,2025-07-30,Solar,36.9
North,North,2025-07-30,Wind,27.4
North,North,2025-07-30,Hydro,29.1
North,North,2025-08-06,Solar,35.4
North,North,2025-08-06,Wind,26.4
North,North,2025-08-06,Hydro,26.8
North,North,2025-08-13,Solar,27.9
North,North,2025-08-13,Wind,61.0
North,North,2025-08-13,Hydro,38.1
North,North,2025-08-20,Solar,30.9
North,North,2025-08-20,Wind,24.5
North,North,2025-08-20,Hydro,23.7
North,North,2025-08-27,Solar,28.1
North,North,2025-08-27,Wind,23.7
North,North,2025-08-27,Hydro,22.8
North,North,2025-09-03,Solar,25.3
North,North,2025-09-03,Wind,23.0
North,North,2025-09-03,Hydro,22.3
North,North,2025-09-10,Solar,22.6
North,North,2025-09-10,Wind,22.6
North,North,2025-09-10,Hydro,22.1
North,North,2025-09-17,Solar,20.1
North,North,2025-09-17,Wind,22.5
North,North,2025-09-17,Hydro,22.3
North,North,2025-09-24,Solar,18.0
North,North,2025-09-24,Wind,22.7
North,North,2025-09-24,Hydro,22.7
North,North,2025-10-01,Solar,16.2
North,North,2025-10-01,Wind,23.2
North,North,2025-10-01,Hydro,23.5
North,North,2025-10-08,Solar,24.5
North,North,2025-10-08,Wind,17.0
North,North,2025-10-08,Hydro,26.5
North,North,2025-10-15,Solar,13.9
North,North,2025-10-15,Wind,25.8
North,North,2025-10-15,Hydro,25.9
North,North,2025-10-22,Solar,13.5
North,North,2025-10-22,Wind,27.8
North,North,2025-10-22,Hydro,27.4
North,North,2025-10-29,Solar,13.5
North,North,2025-10-29,Wind,30.4
North,North,2025-10-29,Hydro,29.0
North,North,2025-11-05,Solar,14.0
North,North,2025-11-05,Wind,33.3
North,North,2025-11-05,Hydro,30.5
North,North,2025-11-12,Solar,15.2
North,North,2025-11-12,Wind,36.7
North,North,2025-11-12,Hydro,31.7
North,North,2025-11-19,Solar,17.0
North,North,2025-11-19,Wind,40.4
North,North,2025-11-19,Hydro,32.5
North,North,2025-11-26,Solar,19.6
North,North,2025-11-26,Wind,44.3
North,North,2025-11-26,Hydro,32.6
North,North,2025-12-03,Solar,22.9
North,North,2025-12-03,Wind,48.2
North,North,2025-12-03,Hydro,32.1
North,North,2025-12-10,Solar,26.9
North,North,2025-12-10,Wind,52.1
North,North,2025-12-10,Hydro,30.9
North,North,2025-12-17,Solar,31.3
North,North,2025-12-17,Wind,55.7
North,North,2025-12-17,Hydro,29.0
North,North,2025-12-24,Solar,36.1
North,North,2025-12-24,Wind,59.0
North,North,2025-12-24,Hydro,26.6
Northeast,Northeast,2025-01-01,Solar,51.0
Northeast,Northeast,2025-01-01,Wind,42.0
Northeast,Northeast,2025-01-01,Hydro,57.0
Northeast,Northeast,2025-01-08,Solar,62.1
Northeast,Northeast,2025-01-08,Wind,74.9
Northeast,Northeast,2025-01-08,Hydro,19.2
Northeast,Northeast,2025-01-15,Solar,64.2
Northeast,Northeast,2025-01-15,Wind,78.6
Northeast,Northeast,2025-01-15,Hydro,18.3
Northeast,Northeast,2025-01-22,Solar,62.3
Northeast,Northeast,2025-01-22,Wind,79.1
Northeast,Northeast,2025-01-22,Hydro,20.1
Northeast,Northeast,2025-01-29,Solar,56.6
Northeast,Northeast,2025-01-29,Wind,76.4
Northeast,Northeast,2025-01-29,Hydro,24.1
Northeast,Northeast,2025-02-05,Solar,48.3
Northeast,Northeast,2025-02-05,Wind,70.8
Northeast,Northeast,2025-02-05,Hydro,29.2
Northeast,Northeast,2025-02-12,Solar,39.0
Northeast,Northeast,2025-02-12,Wind,63.1
Northeast,Northeast,2025-02-12,Hydro,34.1
Northeast,Northeast,2025-02-19,Solar,30.1
Northeast,Northeast,2025-02-19,Wind,54.1
Northeast,Northeast,2025-02-19,Hydro,37.4
Northeast,Northeast,2025-02-26,Solar,14.7
Northeast,Northeast,2025-02-26,Wind,38.5
Northeast,Northeast,2025-02-26,Hydro,16.8
Northeast,Northeast,2025-03-05,Solar,17.3
Northeast,Northeast,2025-03-05,Wind,36.2
Northeast,Northeast,2025-03-05,Hydro,37.1
Northeast,Northeast,2025-03-12,Solar,13.9
Northeast,Northeast,2025-03-12,Wind,28.9
Northeast,Northeast,2025-03-12,Hydro,34.1
Northeast,Northeast,2025-03-19,Solar,12.1
Northeast,Northeast,2025-03-19,Wind,23.2
Northeast,Northeast,2025-03-19,Hydro,30.6
Northeast,Northeast,2025-03-26,Solar,11.8
Northeast,Northeast,2025-03-26,Wind,19.4
Northeast,Northeast,2025-03-26,Hydro,27.4
Northeast,Northeast,2025-04-02,Solar,12.7
Northeast,Northeast,2025-04-02,Wind,17.3
Northeast,Northeast,2025-04-02,Hydro,25.2
Northeast,Northeast,2025-04-09,Solar,14.9
Northeast,Northeast,2025-04-09,Wind,16.8
Northeast,Northeast,2025-04-09,Hydro,24.1
Northeast,Northeast,2025-04-16,Solar,18.4
Northeast,Northeast,2025-04-16,Wind,17.5
Northeast,Northeast,2025-04-16,Hydro,24.0
Northeast,Northeast,2025-04-23,Solar,32.5
Northeast,Northeast,2025-04-23,Wind,47.0
Northeast,Northeast,2025-04-23,Hydro,32.5
Northeast,Northeast,2025-04-30,Solar,28.6
Northeast,Northeast,2025-04-30,Wind,22.4
Northeast,Northeast,2025-04-30,Hydro,25.3
Northeast,Northeast,2025-05-07,Solar,34.1
Northeast,Northeast,2025-05-07,Wind,26.2
Northeast,Northeast,2025-05-07,Hydro,26.2
Northeast,Northeast,2025-05-14,Solar,38.7
Northeast,Northeast,2025-05-14,Wind,30.6
Northeast,Northeast,2025-05-14,Hydro,27.4
Northeast,Northeast,2025-05-21,Solar,41.5
Northeast,Northeast,2025-05-21,Wind,35.5
Northeast,Northeast,2025-05-21,Hydro,29.0
Northeast,Northeast,2025-05-28,Solar,42.1
Northeast,Northeast,2025-05-28,Wind,40.7
Northeast,Northeast,2025-05-28,Hydro,31.1
Northeast,Northeast,2025-06-04,Solar,40.5
Northeast,Northeast,2025-06-04,Wind,45.6
Northeast,Northeast,2025-06-04,Hydro,33.8
Northeast,Northeast,2025-06-11,Solar,37.1
Northeast,Northeast,2025-06-11,Wind,50.2
Northeast,Northeast,2025-06-11,Hydro,36.7
Northeast,Northeast,2025-06-18,Solar,65.3
Northeast,Northeast,2025-06-18,Wind,34.1
Northeast,Northeast,2025-06-18,Hydro,42.6
Northeast,Northeast,2025-06-25,Solar,28.5
Northeast,Northeast,2025-06-25,Wind,57.0
Northeast,Northeast,2025-06-25,Hydro,41.4
Northeast,Northeast,2025-07-02,Solar,25.0
Northeast,Northeast,2025-07-02,Wind,59.0
Northeast,Northeast,2025-07-02,Hydro,42.5
Northeast,Northeast,2025-07-09,Solar,22.9
Northeast,Northeast,2025-07-09,Wind,60.3
Northeast,Northeast,2025-07-09,Hydro,42.5
Northeast,Northeast,2025-07-16,Solar,22.6
Northeast,Northeast,2025-07-16,Wind,60.7
Northeast,Northeast,2025-07-16,Hydro,41.2
Northeast,Northeast,2025-07-23,Solar,24.0
Northeast,Northeast,2025-07-23,Wind,60.6
Northeast,Northeast,2025-07-23,Hydro,39.0
Northeast,Northeast,2025-07-30,Solar,27.0
Northeast,Northeast,2025-07-30,Wind,59.8
Northeast,Northeast,2025-07-30,Hydro,36.1
Northeast,Northeast,2025-08-06,Solar,31.1
Northeast,Northeast,2025-08-06,Wind,58.4
Northeast,Northeast,2025-08-06,Hydro,32.8
Northeast,Northeast,2025-08-13,Solar,15.1
Northeast,Northeast,2025-08-13,Wind,28.4
Northeast,Northeast,2025-08-13,Hydro,14.5
Northeast,Northeast,2025-08-20,Solar,40.0
Northeast,Northeast,2025-08-20,Wind,53.5
Northeast,Northeast,2025-08-20,Hydro,26.8
Northeast,Northeast,2025-08-27,Solar,43.2
Northeast,Northeast,2025-08-27,Wind,50.0
Northeast,Northeast,2025-08-27,Hydro,25.0
Northeast,Northeast,2025-09-03,Solar,44.7
Northeast,Northeast,2025-09-03,Wind,45.9
Northeast,Northeast,2025-09-03,Hydro,24.3
Northeast,Northeast,2025-09-10,Solar,43.9
Northeast,Northeast,2025-09-10,Wind,41.3
Northeast,Northeast,2025-09-10,Hydro,24.7
Northeast,Northeast,2025-09-17,Solar,41.0
Northeast,Northeast,2025-09-17,Wind,36.5
Northeast,Northeast,2025-09-17,Hydro,26.1
Northeast,Northeast,2025-09-24,Solar,36.2
Northeast,Northeast,2025-09-24,Wind,31.7
Northeast,Northeast,2025-09-24,Hydro,27.8
Northeast,Northeast,2025-10-01,Solar,30.5
Northeast,Northeast,2025-10-01,Wind,27.3
Northeast,Northeast,2025-10-01,Hydro,29.4
Northeast,Northeast,2025-10-08,Solar,36.5
Northeast,Northeast,2025-10-08,Wind,32.6
Northeast,Northeast,2025-10-08,Hydro,26.9
Northeast,Northeast,2025-10-15,Solar,19.2
Northeast,Northeast,2025-10-15,Wind,20.6
Northeast,Northeast,2025-10-15,Hydro,30.6
Northeast,Northeast,2025-10-22,Solar,15.0
Northeast,Northeast,2025-10-22,Wind,18.5
Northeast,Northeast,2025-10-22,Hydro,30.3
Northeast,Northeast,2025-10-29,Solar,12.3
Northeast,Northeast,2025-10-29,Wind,17.5
Northeast,Northeast,2025-10-29,Hydro,29.9
Northeast,Northeast,2025-11-05,Solar,10.9
Northeast,Northeast,2025-11-05,Wind,17.8
Northeast,Northeast,2025-11-05,Hydro,30.1
Northeast,Northeast,2025-11-12,Solar,11.1
Northeast,Northeast,2025-11-12,Wind,19.5
Northeast,Northeast,2025-11-12,Hydro,31.0
Northeast,Northeast,2025-11-19,Solar,12.8
Northeast,Northeast,2025-11-19,Wind,22.8
Northeast,Northeast,2025-11-19,Hydro,32.4
Northeast,Northeast,2025-11-26,Solar,16.4
Northeast,Northeast,2025-11-26,Wind,27.8
Northeast,Northeast,2025-11-26,Hydro,33.8
Northeast,Northeast,2025-12-03,Solar,22.0
Northeast,Northeast,2025-12-03,Wind,34.5
Northeast,Northeast,2025-12-03,Hydro,34.2
Northeast,Northeast,2025-12-10,Solar,29.5
Northeast,Northeast,2025-12-10,Wind,42.6
Northeast,Northeast,2025-12-10,Hydro,33.1
Northeast,Northeast,2025-12-17,Solar,38.5
Northeast,Northeast,2025-12-17,Wind,51.5
Northeast,Northeast,2025-12-17,Hydro,30.4
Northeast,Northeast,2025-12-24,Solar,47.9
Northeast,Northeast,2025-12-24,Wind,60.5
Northeast,Northeast,2025-12-24,Hydro,26.4
Central,Central,2025-01-01,Solar,20.5
Central,Central,2025-01-01,Wind,37.7
Central,Central,2025-01-01,Hydro,23.8
Central,Central,2025-01-08,Solar,54.3
Central,Central,2025-01-08,Wind,65.8
Central,Central,2025-01-08,Hydro,25.4
Central,Central,2025-01-15,Solar,49.2
Central,Central,2025-01-15,Wind,70.9
Central,Central,2025-01-15,Hydro,28.9
Central,Central,2025-01-22,Solar,40.7
Central,Central,2025-01-22,Wind,71.6
Central,Central,2025-01-22,Hydro,34.2
Central,Central,2025-01-29,Solar,31.5
Central,Central,2025-01-29,Wind,67.2
Central,Central,2025-01-29,Hydro,39.0
Central,Central,2025-02-05,Solar,23.9
Central,Central,2025-02-05,Wind,58.8
Central,Central,2025-02-05,Hydro,41.0
Central,Central,2025-02-12,Solar,19.2
Central,Central,2025-02-12,Wind,48.1
Central,Central,2025-02-12,Hydro,39.3
Central,Central,2025-02-19,Solar,17.2
Central,Central,2025-02-19,Wind,37.5
Central,Central,2025-02-19,Hydro,34.9
Central,Central,2025-02-26,Solar,46.0
Central,Central,2025-02-26,Wind,32.7
Central,Central,2025-02-26,Hydro,42.3
Central,Central,2025-03-05,Solar,19.0
Central,Central,2025-03-05,Wind,24.0
Central,Central,2025-03-05,Hydro,26.0
Central,Central,2025-03-12,Solar,22.9
Central,Central,2025-03-12,Wind,22.3
Central,Central,2025-03-12,Hydro,24.7
Central,Central,2025-03-19,Solar,29.5
Central,Central,2025-03-19,Wind,23.7
Central,Central,2025-03-19,Hydro,26.2
Central,Central,2025-03-26,Solar,38.0
Central,Central,2025-03-26,Wind,27.8
Central,Central,2025-03-26,Hydro,30.1
Central,Central,2025-04-02,Solar,46.3
Central,Central,2025-04-02,Wind,34.4
Central,Central,2025-04-02,Hydro,35.9
Central,Central,2025-04-09,Solar,51.5
Central,Central,2025-04-09,Wind,43.0
Central,Central,2025-04-09,Hydro,43.4
Central,Central,2025-04-16,Solar,51.4
Central,Central,2025-04-16,Wind,52.8
Central,Central,2025-04-16,Hydro,51.5
Central,Central,2025-04-23,Solar,13.7
Central,Central,2025-04-23,Wind,41.8
Central,Central,2025-04-23,Hydro,16.6
Central,Central,2025-04-30,Solar,38.6
Central,Central,2025-04-30,Wind,68.9
Central,Central,2025-04-30,Hydro,61.1
Central,Central,2025-05-07,Solar,31.2
Central,Central,2025-05-07,Wind,71.4
Central,Central,2025-05-07,Hydro,58.8
Central,Central,2025-05-14,Solar,26.3
Central,Central,2025-05-14,Wind,68.6
Central,Central,2025-05-14,Hydro,51.3
Central,Central,2025-05-21,Solar,24.2
Central,Central,2025-05-21,Wind,61.2
Central,Central,2025-05-21,Hydro,40.6
Central,Central,2025-05-28,Solar,23.6
Central,Central,2025-05-28,Wind,51.2
Central,Central,2025-05-28,Hydro,29.6
Central,Central,2025-06-04,Solar,23.6
Central,Central,2025-06-04,Wind,41.2
Central,Central,2025-06-04,Hydro,20.9
Central,Central,2025-06-11,Solar,23.9
Central,Central,2025-06-11,Wind,33.5
Central,Central,2025-06-11,Hydro,15.5
Central,Central,2025-06-18,Solar,52.1
Central,Central,2025-06-18,Wind,49.0
Central,Central,2025-06-18,Hydro,56.9
Central,Central,2025-06-25,Solar,28.5
Central,Central,2025-06-25,Wind,28.4
Central,Central,2025-06-25,Hydro,15.0
Central,Central,2025-07-02,Solar,33.0
Central,Central,2025-07-02,Wind,29.9
Central,Central,2025-07-02,Hydro,20.2
Central,Central,2025-07-09,Solar,37.0
Central,Central,2025-07-09,Wind,32.5
Central,Central,2025-07-09,Hydro,29.6
Central,Central,2025-07-16,Solar,38.5
Central,Central,2025-07-16,Wind,35.4
Central,Central,2025-07-16,Hydro,42.7
Central,Central,2025-07-23,Solar,36.8
Central,Central,2025-07-23,Wind,38.6
Central,Central,2025-07-23,Hydro,57.0
Central,Central,2025-07-30,Solar,32.9
Central,Central,2025-07-30,Wind,42.0
Central,Central,2025-07-30,Hydro,69.0
Central,Central,2025-08-06,Solar,28.8
Central,Central,2025-08-06,Wind,45.5
Central,Central,2025-08-06,Hydro,74.8
Central,Central,2025-08-13,Solar,51.2
Central,Central,2025-08-13,Wind,24.0
Central,Central,2025-08-13,Hydro,33.8
Central,Central,2025-08-20,Solar,27.2
Central,Central,2025-08-20,Wind,51.2
Central,Central,2025-08-20,Hydro,63.4
Central,Central,2025-08-27,Solar,29.9
Central,Central,2025-08-27,Wind,52.4
Central,Central,2025-08-27,Hydro,49.8
Central,Central,2025-09-03,Solar,33.5
Central,Central,2025-09-03,Wind,52.5
Central,Central,2025-09-03,Hydro,35.6
Central,Central,2025-09-10,Solar,36.8
Central,Central,2025-09-10,Wind,51.8
Central,Central,2025-09-10,Hydro,23.7
Central,Central,2025-09-17,Solar,39.4
Central,Central,2025-09-17,Wind,51.1
Central,Central,2025-09-17,Hydro,15.6
Central,Central,2025-09-24,Solar,41.0
Central,Central,2025-09-24,Wind,50.6
Central,Central,2025-09-24,Hydro,11.8
Central,Central,2025-10-01,Solar,41.3
Central,Central,2025-10-01,Wind,50.4
Central,Central,2025-10-01,Hydro,12.2
Central,Central,2025-10-08,Solar,38.4
Central,Central,2025-10-08,Wind,61.6
Central,Central,2025-10-08,Hydro,37.0
Central,Central,2025-10-15,Solar,36.3
Central,Central,2025-10-15,Wind,48.5
Central,Central,2025-10-15,Hydro,25.2
Central,Central,2025-10-22,Solar,31.3
Central,Central,2025-10-22,Wind,45.8
Central,Central,2025-10-22,Hydro,35.4
Central,Central,2025-10-29,Solar,25.8
Central,Central,2025-10-29,Wind,41.9
Central,Central,2025-10-29,Hydro,45.2
Central,Central,2025-11-05,Solar,21.5
Central,Central,2025-11-05,Wind,37.6
Central,Central,2025-11-05,Hydro,52.3
Central,Central,2025-11-12,Solar,19.5
Central,Central,2025-11-12,Wind,33.7
Central,Central,2025-11-12,Hydro,55.3
Central,Central,2025-11-19,Solar,20.2
Central,Central,2025-11-19,Wind,31.0
Central,Central,2025-11-19,Hydro,54.2
Central,Central,2025-11-26,Solar,23.5
Central,Central,2025-11-26,Wind,30.1
Central,Central,2025-11-26,Hydro,50.2
Central,Central,2025-12-03,Solar,28.9
Central,Central,2025-12-03,Wind,31.4
Central,Central,2025-12-03,Hydro,44.6
Central,Central,2025-12-10,Solar,35.9
Central,Central,2025-12-10,Wind,35.0
Central,Central,2025-12-10,Hydro,38.6
Central,Central,2025-12-17,Solar,43.6
Central,Central,2025-12-17,Wind,41.0
Central,Central,2025-12-17,Hydro,32.7
Central,Central,2025-12-24,Solar,50.5
Central,Central,2025-12-24,Wind,49.0
Central,Central,2025-12-24,Hydro,27.9
East,East,2025-01-01,Solar,56.3
East,East,2025-01-01,Wind,29.4
East,East,2025-01-01,Hydro,42.2
East,East,2025-01-08,Solar,39.4
East,East,2025-01-08,Wind,48.7
East,East,2025-01-08,Hydro,34.9
East,East,2025-01-15,Solar,32.6
East,East,2025-01-15,Wind,48.7
East,East,2025-01-15,Hydro,34.7
East,East,2025-01-22,Solar,26.4
East,East,2025-01-22,Wind,48.1
East,East,2025-01-22,Hydro,34.4
East,East,2025-01-29,Solar,21.4
East,East,2025-01-29,Wind,46.9
East,East,2025-01-29,Hydro,33.5
East,East,2025-02-05,Solar,17.9
East,East,2025-02-05,Wind,45.1
East,East,2025-02-05,Hydro,31.8
East,East,2025-02-12,Solar,15.9
East,East,2025-02-12,Wind,42.8
East,East,2025-02-12,Hydro,29.5
East,East,2025-02-19,Solar,15.2
East,East,2025-02-19,Wind,40.2
East,East,2025-02-19,Hydro,26.6
East,East,2025-02-26,Solar,23.8
East,East,2025-02-26,Wind,44.9
East,East,2025-02-26,Hydro,19.4
East,East,2025-03-05,Solar,17.2
East,East,2025-03-05,Wind,35.1
East,East,2025-03-05,Hydro,20.7
East,East,2025-03-12,Solar,19.3
East,East,2025-03-12,Wind,33.1
East,East,2025-03-12,Hydro,18.3
East,East,2025-03-19,Solar,22.0
East,East,2025-03-19,Wind,31.8
East,East,2025-03-19,Hydro,16.6
East,East,2025-03-26,Solar,25.3
East,East,2025-03-26,Wind,31.2
East,East,2025-03-26,Hydro,15.9
East,East,2025-04-02,Solar,29.1
East,East,2025-04-02,Wind,31.4
East,East,2025-04-02,Hydro,16.5
East,East,2025-04-09,Solar,33.2
East,East,2025-04-09,Wind,32.2
East,East,2025-04-09,Hydro,18.5
East,East,2025-04-16,Solar,37.2
East,East,2025-04-16,Wind,33.5
East,East,2025-04-16,Hydro,22.3
East,East,2025-04-23,Solar,54.7
East,East,2025-04-23,Wind,44.1
East,East,2025-04-23,Hydro,53.2
East,East,2025-04-30,Solar,42.5
East,East,2025-04-30,Wind,37.1
East,East,2025-04-30,Hydro,36.6
East,East,2025-05-07,Solar,42.8
East,East,2025-05-07,Wind,39.2
East,East,2025-05-07,Hydro,46.7
East,East,2025-05-14,Solar,41.4
East,East,2025-05-14,Wind,41.4
East,East,2025-05-14,Hydro,57.9
East,East,2025-05-21,Solar,38.6
East,East,2025-05-21,Wind,43.9
East,East,2025-05-21,Hydro,68.8
East,East,2025-05-28,Solar,35.1
East,East,2025-05-28,Wind,46.5
East,East,2025-05-28,Hydro,77.9
East,East,2025-06-04,Solar,32.0
East,East,2025-06-04,Wind,49.2
East,East,2025-06-04,Hydro,83.4
East,East,2025-06-11,Solar,30.1
East,East,2025-06-11,Wind,51.7
East,East,2025-06-11,Hydro,84.2
East,East,2025-06-18,Solar,11.3
East,East,2025-06-18,Wind,35.9
East,East,2025-06-18,Hydro,15.8
East,East,2025-06-25,Solar,31.0
East,East,2025-06-25,Wind,54.9
East,East,2025-06-25,Hydro,71.3
East,East,2025-07-02,Solar,33.0
East,East,2025-07-02,Wind,54.8
East,East,2025-07-02,Hydro,59.5
East,East,2025-07-09,Solar,35.0
East,East,2025-07-09,Wind,53.4
East,East,2025-07-09,Hydro,46.4
East,East,2025-07-16,Solar,36.0
East,East,2025-07-16,Wind,50.6
East,East,2025-07-16,Hydro,33.8
East,East,2025-07-23,Solar,35.6
East,East,2025-07-23,Wind,46.6
East,East,2025-07-23,Hydro,23.3
East,East,2025-07-30,Solar,33.6
East,East,2025-07-30,Wind,41.9
East,East,2025-07-30,Hydro,15.4
East,East,2025-08-06,Solar,30.4
East,East,2025-08-06,Wind,37.0
East,East,2025-08-06,Hydro,10.3
East,East,2025-08-13,Solar,40.6
East,East,2025-08-13,Wind,35.4
East,East,2025-08-13,Hydro,28.1
East,East,2025-08-20,Solar,23.7
East,East,2025-08-20,Wind,29.4
East,East,2025-08-20,Hydro,7.0
East,East,2025-08-27,Solar,21.2
East,East,2025-08-27,Wind,27.7
East,East,2025-08-27,Hydro,7.7
East,East,2025-09-03,Solar,19.7
East,East,2025-09-03,Wind,27.5
East,East,2025-09-03,Hydro,9.9
East,East,2025-09-10,Solar,18.8
East,East,2025-09-10,Wind,28.7
East,East,2025-09-10,Hydro,13.7
East,East,2025-09-17,Solar,18.4
East,East,2025-09-17,Wind,31.0
East,East,2025-09-17,Hydro,19.3
East,East,2025-09-24,Solar,18.1
East,East,2025-09-24,Wind,33.8
East,East,2025-09-24,Hydro,26.5
East,East,2025-10-01,Solar,18.2
East,East,2025-10-01,Wind,36.7
East,East,2025-10-01,Hydro,35.1
East,East,2025-10-08,Solar,40.9
East,East,2025-10-08,Wind,54.1
East,East,2025-10-08,Hydro,37.0
East,East,2025-10-15,Solar,20.7
East,East,2025-10-15,Wind,41.2
East,East,2025-10-15,Hydro,52.6
East,East,2025-10-22,Solar,24.0
East,East,2025-10-22,Wind,42.5
East,East,2025-10-22,Hydro,59.2
East,East,2025-10-29,Solar,28.9
East,East,2025-10-29,Wind,43.2
East,East,2025-10-29,Hydro,63.1
East,East,2025-11-05,Solar,35.3
East,East,2025-11-05,Wind,43.4
East,East,2025-11-05,Hydro,64.0
East,East,2025-11-12,Solar,42.2
East,East,2025-11-12,Wind,43.5
East,East,2025-11-12,Hydro,62.0
East,East,2025-11-19,Solar,48.9
East,East,2025-11-19,Wind,43.7
East,East,2025-11-19,Hydro,57.9
East,East,2025-11-26,Solar,54.3
East,East,2025-11-26,Wind,44.0
East,East,2025-11-26,Hydro,52.6
East,East,2025-12-03,Solar,57.6
East,East,2025-12-03,Wind,44.6
East,East,2025-12-03,Hydro,47.2
East,East,2025-12-10,Solar,58.2
East,East,2025-12-10,Wind,45.5
East,East,2025-12-10,Hydro,42.4
East,East,2025-12-17,Solar,56.3
East,East,2025-12-17,Wind,46.5
East,East,2025-12-17,Hydro,38.8
East,East,2025-12-24,Solar,52.1
East,East,2025-12-24,Wind,47.5
East,East,2025-12-24,Hydro,36.4
South,South,2025-01-01,Solar,10.2
South,South,2025-01-01,Wind,37.8
South,South,2025-01-01,Hydro,16.0
South,South,2025-01-08,Solar,18.7
South,South,2025-01-08,Wind,30.6
South,South,2025-01-08,Hydro,31.6
South,South,2025-01-15,Solar,15.5
South,South,2025-01-15,Wind,34.9
South,South,2025-01-15,Hydro,31.5
South,South,2025-01-22,Solar,16.9
South,South,2025-01-22,Wind,43.1
South,South,2025-01-22,Hydro,32.6
South,South,2025-01-29,Solar,23.1
South,South,2025-01-29,Wind,52.8
South,South,2025-01-29,Hydro,32.4
South,South,2025-02-05,Solar,33.7
South,South,2025-02-05,Wind,60.2
South,South,2025-02-05,Hydro,29.8
South,South,2025-02-12,Solar,45.3
South,South,2025-02-12,Wind,62.4
South,South,2025-02-12,Hydro,26.7
South,South,2025-02-19,Solar,53.3
South,South,2025-02-19,Wind,58.8
South,South,2025-02-19,Hydro,26.3
South,South,2025-02-26,Solar,49.3
South,South,2025-02-26,Wind,42.3
South,South,2025-02-26,Hydro,49.4
South,South,2025-03-05,Solar,49.2
South,South,2025-03-05,Wind,43.6
South,South,2025-03-05,Hydro,38.3
South,South,2025-03-12,Solar,40.2
South,South,2025-03-12,Wind,37.8
South,South,2025-03-12,Hydro,47.4
South,South,2025-03-19,Solar,31.1
South,South,2025-03-19,Wind,35.4
South,South,2025-03-19,Hydro,55.4
South,South,2025-03-26,Solar,24.5
South,South,2025-03-26,Wind,36.5
South,South,2025-03-26,Hydro,60.1
South,South,2025-04-02,Solar,21.9
South,South,2025-04-02,Wind,40.6
South,South,2025-04-02,Hydro,59.2
South,South,2025-04-09,Solar,23.9
South,South,2025-04-09,Wind,46.0
South,South,2025-04-09,Hydro,51.6
South,South,2025-04-16,Solar,29.3
South,South,2025-04-16,Wind,50.5
South,South,2025-04-16,Hydro,38.8
South,South,2025-04-23,Solar,22.6
South,South,2025-04-23,Wind,45.1
South,South,2025-04-23,Hydro,26.3
South,South,2025-04-30,Solar,38.4
South,South,2025-04-30,Wind,50.7
South,South,2025-04-30,Hydro,14.9
South,South,2025-05-07,Solar,38.7
South,South,2025-05-07,Wind,47.2
South,South,2025-05-07,Hydro,11.1
South,South,2025-05-14,Solar,36.9
South,South,2025-05-14,Wind,44.0
South,South,2025-05-14,Hydro,13.8
South,South,2025-05-21,Solar,34.4
South,South,2025-05-21,Wind,42.4
South,South,2025-05-21,Hydro,22.9
South,South,2025-05-28,Solar,31.6
South,South,2025-05-28,Wind,42.5
South,South,2025-05-28,Hydro,38.4
South,South,2025-06-04,Solar,28.7
South,South,2025-06-04,Wind,43.4
South,South,2025-06-04,Hydro,58.2
South,South,2025-06-11,Solar,27.3
South,South,2025-06-11,Wind,44.6
South,South,2025-06-11,Hydro,76.2
South,South,2025-06-18,Solar,57.1
South,South,2025-06-18,Wind,25.0
South,South,2025-06-18,Hydro,36.9
South,South,2025-06-25,Solar,36.0
South,South,2025-06-25,Wind,48.6
South,South,2025-06-25,Hydro,76.4
South,South,2025-07-02,Solar,42.7
South,South,2025-07-02,Wind,49.9
South,South,2025-07-02,Hydro,56.9
South,South,2025-07-09,Solar,44.4
South,South,2025-07-09,Wind,48.1
South,South,2025-07-09,Hydro,34.7
South,South,2025-07-16,Solar,39.2
South,South,2025-07-16,Wind,42.7
South,South,2025-07-16,Hydro,18.3
South,South,2025-07-23,Solar,30.4
South,South,2025-07-23,Wind,35.5
South,South,2025-07-23,Hydro,10.5
South,South,2025-07-30,Solar,23.2
South,South,2025-07-30,Wind,30.8
South,South,2025-07-30,Hydro,9.3
South,South,2025-08-06,Solar,20.3
South,South,2025-08-06,Wind,32.0
South,South,2025-08-06,Hydro,13.5
South,South,2025-08-13,Solar,50.8
South,South,2025-08-13,Wind,60.7
South,South,2025-08-13,Hydro,52.5
South,South,2025-08-20,Solar,22.1
South,South,2025-08-20,Wind,48.3
South,South,2025-08-20,Hydro,43.2
South,South,2025-08-27,Solar,26.3
South,South,2025-08-27,Wind,55.0
South,South,2025-08-27,Hydro,64.5
South,South,2025-09-03,Solar,35.1
South,South,2025-09-03,Wind,57.0
South,South,2025-09-03,Hydro,79.2
South,South,2025-09-10,Solar,47.3
South,South,2025-09-10,Wind,54.9
South,South,2025-09-10,Hydro,80.1
South,South,2025-09-17,Solar,56.9
South,South,2025-09-17,Wind,50.8
South,South,2025-09-17,Hydro,67.5
South,South,2025-09-24,Solar,57.4
South,South,2025-09-24,Wind,45.9
South,South,2025-09-24,Hydro,48.7
South,South,2025-10-01,Solar,47.7
South,South,2025-10-01,Wind,39.8
South,South,2025-10-01,Hydro,31.8
South,South,2025-10-08,Solar,17.4
South,South,2025-10-08,Wind,42.7
South,South,2025-10-08,Hydro,19.0
South,South,2025-10-15,Solar,21.2
South,South,2025-10-15,Wind,27.1
South,South,2025-10-15,Hydro,15.3
South,South,2025-10-22,Solar,15.2
South,South,2025-10-22,Wind,26.3
South,South,2025-10-22,Hydro,15.1
South,South,2025-10-29,Solar,14.2
South,South,2025-10-29,Wind,32.9
South,South,2025-10-29,Hydro,20.4
South,South,2025-11-05,Solar,16.8
South,South,2025-11-05,Wind,45.0
South,South,2025-11-05,Hydro,30.6
South,South,2025-11-12,Solar,23.6
South,South,2025-11-12,Wind,57.5
South,South,2025-11-12,Hydro,42.7
South,South,2025-11-19,Solar,35.7
South,South,2025-11-19,Wind,64.7
South,South,2025-11-19,Hydro,51.8
South,South,2025-11-26,Solar,50.7
South,South,2025-11-26,Wind,64.1
South,South,2025-11-26,Hydro,55.0
South,South,2025-12-03,Solar,61.9
South,South,2025-12-03,Wind,57.3
South,South,2025-12-03,Hydro,53.0
South,South,2025-12-10,Solar,63.2
South,South,2025-12-10,Wind,48.1
South,South,2025-12-10,Hydro,48.4
South,South,2025-12-17,Solar,54.1
South,South,2025-12-17,Wind,39.8
South,South,2025-12-17,Hydro,43.3
South,South,2025-12-24,Solar,39.9
South,South,2025-12-24,Wind,33.8
South,South,2025-12-24,Hydro,38.3
West,West,2025-01-01,Solar,50.7
West,West,2025-01-01,Wind,47.9
West,West,2025-01-01,Hydro,38.4
West,West,2025-01-08,Solar,9.3
West,West,2025-01-08,Wind,15.9
West,West,2025-01-08,Hydro,25.6
West,West,2025-01-15,Solar,8.6
West,West,2025-01-15,Wind,16.1
West,West,2025-01-15,Hydro,22.4
West,West,2025-01-22,Solar,11.0
West,West,2025-01-22,Wind,19.9
West,West,2025-01-22,Hydro,22.0
West,West,2025-01-29,Solar,16.9
West,West,2025-01-29,Wind,27.6
West,West,2025-01-29,Hydro,22.5
West,West,2025-02-05,Solar,26.6
West,West,2025-02-05,Wind,38.8
West,West,2025-02-05,Hydro,21.8
West,West,2025-02-12,Solar,38.9
West,West,2025-02-12,Wind,51.9
West,West,2025-02-12,Hydro,19.3
West,West,2025-02-19,Solar,51.1
West,West,2025-02-19,Wind,64.1
West,West,2025-02-19,Hydro,16.5
West,West,2025-02-26,Solar,11.8
West,West,2025-02-26,Wind,35.4
West,West,2025-02-26,Hydro,11.8
West,West,2025-03-05,Solar,61.4
West,West,2025-03-05,Wind,76.1
West,West,2025-03-05,Hydro,21.2
West,West,2025-03-12,Solar,56.3
West,West,2025-03-12,Wind,73.4
West,West,2025-03-12,Hydro,30.6
West,West,2025-03-19,Solar,46.5
West,West,2025-03-19,Wind,65.8
West,West,2025-03-19,Hydro,41.7
West,West,2025-03-26,Solar,35.2
West,West,2025-03-26,Wind,55.3
West,West,2025-03-26,Hydro,50.5
West,West,2025-04-02,Solar,25.6
West,West,2025-04-02,Wind,44.2
West,West,2025-04-02,Hydro,54.2
West,West,2025-04-09,Solar,19.4
West,West,2025-04-09,Wind,34.5
West,West,2025-04-09,Hydro,52.1
West,West,2025-04-16,Solar,16.4
West,West,2025-04-16,Wind,27.1
West,West,2025-04-16,Hydro,46.0
West,West,2025-04-23,Solar,60.3
West,West,2025-04-23,Wind,24.6
West,West,2025-04-23,Hydro,38.1
West,West,2025-04-30,Solar,17.7
West,West,2025-04-30,Wind,20.5
West,West,2025-04-30,Hydro,31.9
West,West,2025-05-07,Solar,20.9
West,West,2025-05-07,Wind,21.0
West,West,2025-05-07,Hydro,26.6
West,West,2025-05-14,Solar,25.4
West,West,2025-05-14,Wind,23.9
West,West,2025-05-14,Hydro,22.7
West,West,2025-05-21,Solar,30.8
West,West,2025-05-21,Wind,28.9
West,West,2025-05-21,Hydro,19.6
West,West,2025-05-28,Solar,35.5
West,West,2025-05-28,Wind,35.5
West,West,2025-05-28,Hydro,17.8
West,West,2025-06-04,Solar,38.3
West,West,2025-06-04,Wind,43.0
West,West,2025-06-04,Hydro,17.7
West,West,2025-06-11,Solar,38.2
West,West,2025-06-11,Wind,50.4
West,West,2025-06-11,Hydro,20.1
West,West,2025-06-18,Solar,28.1
West,West,2025-06-18,Wind,42.7
West,West,2025-06-18,Hydro,26.2
West,West,2025-06-25,Solar,30.9
West,West,2025-06-25,Wind,60.6
West,West,2025-06-25,Hydro,32.2
West,West,2025-07-02,Solar,26.6
West,West,2025-07-02,Wind,62.2
West,West,2025-07-02,Hydro,39.7
West,West,2025-07-09,Solar,24.1
West,West,2025-07-09,Wind,61.3
West,West,2025-07-09,Hydro,46.2
West,West,2025-07-16,Solar,24.4
West,West,2025-07-16,Wind,58.3
West,West,2025-07-16,Hydro,50.3
West,West,2025-07-23,Solar,27.7
West,West,2025-07-23,Wind,53.7
West,West,2025-07-23,Hydro,51.5
West,West,2025-07-30,Solar,33.0
West,West,2025-07-30,Wind,48.1
West,West,2025-07-30,Hydro,49.6
West,West,2025-08-06,Solar,38.5
West,West,2025-08-06,Wind,42.3
West,West,2025-08-06,Hydro,45.5
West,West,2025-08-13,Solar,12.6
West,West,2025-08-13,Wind,42.2
West,West,2025-08-13,Hydro,19.2
West,West,2025-08-20,Solar,42.7
West,West,2025-08-20,Wind,32.3
West,West,2025-08-20,Hydro,35.1
West,West,2025-08-27,Solar,39.6
West,West,2025-08-27,Wind,28.8
West,West,2025-08-27,Hydro,30.6
West,West,2025-09-03,Solar,33.8
West,West,2025-09-03,Wind,26.2
West,West,2025-09-03,Hydro,27.3
West,West,2025-09-10,Solar,26.9
West,West,2025-09-10,Wind,24.7
West,West,2025-09-10,Hydro,25.0
West,West,2025-09-17,Solar,20.7
West,West,2025-09-17,Wind,24.2
West,West,2025-09-17,Hydro,23.7
West,West,2025-09-24,Solar,16.3
West,West,2025-09-24,Wind,25.3
West,West,2025-09-24,Hydro,23.7
West,West,2025-10-01,Solar,14.0
West,West,2025-10-01,Wind,28.7
West,West,2025-10-01,Hydro,25.1
West,West,2025-10-08,Solar,64.9
West,West,2025-10-08,Wind,39.3
West,West,2025-10-08,Hydro,46.8
West,West,2025-10-15,Solar,16.6
West,West,2025-10-15,Wind,43.3
West,West,2025-10-15,Hydro,30.7
West,West,2025-10-22,Solar,22.7
West,West,2025-10-22,Wind,53.1
West,West,2025-10-22,Hydro,32.9
West,West,2025-10-29,Solar,32.2
West,West,2025-10-29,Wind,62.3
West,West,2025-10-29,Hydro,33.3
West,West,2025-11-05,Solar,44.2
West,West,2025-11-05,Wind,68.7
West,West,2025-11-05,Hydro,32.2
West,West,2025-11-12,Solar,55.7
West,West,2025-11-12,Wind,70.6
West,West,2025-11-12,Hydro,31.2
West,West,2025-11-19,Solar,63.1
West,West,2025-11-19,Wind,67.6
West,West,2025-11-19,Hydro,31.8
West,West,2025-11-26,Solar,63.6
West,West,2025-11-26,Wind,60.4
West,West,2025-11-26,Hydro,35.0
West,West,2025-12-03,Solar,56.8
West,West,2025-12-03,Wind,50.8
West,West,2025-12-03,Hydro,39.4
West,West,2025-12-10,Solar,45.0
West,West,2025-12-10,Wind,40.6
West,West,2025-12-10,Hydro,42.6
West,West,2025-12-17,Solar,31.9
West,West,2025-12-17,Wind,31.4
West,West,2025-12-17,Hydro,42.3
West,West,2025-12-24,Solar,20.6
West,West,2025-12-24,Wind,24.0
West,West,2025-12-24,Hydro,38.1
